num_qubits,reps,ansatz_type,instance_id,element_no_p_x,element_no_p_y,element_no_p_z,element_t_no_p,element_no_h,element_percent_sppos_q,element_no_other_sg,element_t_no_sqg,element_t_no_csqg,element_no_c_any_g,element_no_swap,element_no_cnot,element_percent_q_in_cnot,element_avg_cnot,element_max_cnot,element_no_toff,element_percent_q_in_toff,element_avg_toff,element_max_toff,element_no_gates,element_no_c_gates,element_percent_single_gates,element_no_or,element_no_c_or,element_percent_q_in_or,element_percent_q_in_c_or,element_avg_or_d,element_max_or_d,element_no_qm,element_percent_qm,element_percent_anc,structural_phi1_total_loc,structural_phi2_gate_loc,structural_phi3_measure_loc,structural_phi4_quantum_total_loc,structural_phi5_num_qubits,structural_phi6_num_gate_types,structural_unique_operators,structural_unique_operands,structural_total_operators,structural_total_operands,structural_program_length,structural_vocabulary,structural_estimated_length,structural_volume,structural_difficulty,structural_effort,structural_quantum_operators,structural_classical_operators,structural_quantum_operands,structural_classical_operands,structural_gate_types,structural_qubit_operands,structural_classical_bit_operands,structural_parameter_operands,structural_width,structural_depth,structural_max_dens,structural_avg_dens,structural_size,behavioral_normalized_depth,behavioral_program_communication,behavioral_critical_depth,behavioral_measurement,behavioral_liveness,behavioral_parallelism,quantum_specific_spposq_ratio,quantum_specific_magic,quantum_specific_coherence,quantum_specific_sensitivity,quantum_specific_entanglement_ratio
4,1,su2,0,0,0,0,0,0,0.0,16,16,3,3,0,3,1.0,1.5,2,0,0.0,0.0,0,19,3,0.8421052631578947,0,0,0.0,0.0,0.0,0,0,0.0,0.0,19,19,0,19,4,3,3,4,19,22,41,7,12.754887502163468,115.10155180436178,1.5,172.65232770654268,3,0,4,0,"{'ry': 8, 'rz': 8, 'cx': 3}",4,0,0,4,7,4,2.7142857142857144,19,7.0,0.5,1.0,0.0,0.7857142857142857,0.5714285714285715,0.0,0.0,0.0,0.0,0.15789473684210525
4,1,linear_entanglement,0,0,0,0,0,0,0.0,0,0,3,3,0,3,1.0,1.5,2,0,0.0,0.0,0,11,3,0.0,0,0,0.0,0.0,0.0,0,0,0.0,0.0,12,12,0,12,4,2,3,4,12,18,30,7,12.754887502163468,84.22064766172812,1.0,84.22064766172812,2,1,4,0,"{'r': 8, 'cx': 3, 'barrier': 1}",4,0,0,4,5,4,1.8333333333333333,12,5.0,1.0,1.0,0.0,0.5833333333333334,0.4000000000000001,0.0,0.0,0.0,0.0,0.2727272727272727
4,1,two_local,0,0,0,0,0,8,0.0,0,8,4,4,0,4,1.0,2.0,2,0,0.0,0.0,0,20,4,0.4,0,0,0.0,0.0,0.0,0,0,0.0,0.0,21,21,0,21,4,3,4,4,21,28,49,8,16.0,147.0,1.5,220.5,3,1,4,0,"{'r': 8, 'h': 8, 'cx': 4, 'barrier': 1}",4,0,0,4,11,4,1.6666666666666667,21,11.0,1.0,1.0,0.0,0.5,0.2727272727272727,0.0,0.0,0.0,0.0,0.2
4,1,su2,1,0,0,0,0,0,0.0,16,16,3,3,0,3,1.0,1.5,2,0,0.0,0.0,0,19,3,0.8421052631578947,0,0,0.0,0.0,0.0,0,0,0.0,0.0,19,19,0,19,4,3,3,4,19,22,41,7,12.754887502163468,115.10155180436178,1.5,172.65232770654268,3,0,4,0,"{'ry': 8, 'rz': 8, 'cx': 3}",4,0,0,4,7,4,2.7142857142857144,19,7.0,0.5,1.0,0.0,0.7857142857142857,0.5714285714285715,0.0,0.0,0.0,0.0,0.15789473684210525
4,1,linear_entanglement,1,0,0,0,0,0,0.0,0,0,3,3,0,3,1.0,1.5,2,0,0.0,0.0,0,11,3,0.0,0,0,0.0,0.0,0.0,0,0,0.0,0.0,12,12,0,12,4,2,3,4,12,18,30,7,12.754887502163468,84.22064766172812,1.0,84.22064766172812,2,1,4,0,"{'r': 8, 'cx': 3, 'barrier': 1}",4,0,0,4,5,4,1.8333333333333333,12,5.0,1.0,1.0,0.0,0.5833333333333334,0.4000000000000001,0.0,0.0,0.0,0.0,0.2727272727272727
4,1,two_local,1,0,0,0,0,8,0.0,0,8,4,4,0,4,1.0,2.0,2,0,0.0,0.0,0,20,4,0.4,0,0,0.0,0.0,0.0,0,0,0.0,0.0,21,21,0,21,4,3,4,4,21,28,49,8,16.0,147.0,1.5,220.5,3,1,4,0,"{'r': 8, 'h': 8, 'cx': 4, 'barrier': 1}",4,0,0,4,11,4,1.6666666666666667,21,11.0,1.0,1.0,0.0,0.5,0.2727272727272727,0.0,0.0,0.0,0.0,0.2
4,1,su2,2,0,0,0,0,0,0.0,16,16,3,3,0,3,1.0,1.5,2,0,0.0,0.0,0,19,3,0.8421052631578947,0,0,0.0,0.0,0.0,0,0,0.0,0.0,19,19,0,19,4,3,3,4,19,22,41,7,12.754887502163468,115.10155180436178,1.5,172.65232770654268,3,0,4,0,"{'ry': 8, 'rz': 8, 'cx': 3}",4,0,0,4,7,4,2.7142857142857144,19,7.0,0.5,1.0,0.0,0.7857142857142857,0.5714285714285715,0.0,0.0,0.0,0.0,0.15789473684210525
4,1,linear_entanglement,2,0,0,0,0,0,0.0,0,0,3,3,0,3,1.0,1.5,2,0,0.0,0.0,0,11,3,0.0,0,0,0.0,0.0,0.0,0,0,0.0,0.0,12,12,0,12,4,2,3,4,12,18,30,7,12.754887502163468,84.22064766172812,1.0,84.22064766172812,2,1,4,0,"{'r': 8, 'cx': 3, 'barrier': 1}",4,0,0,4,5,4,1.8333333333333333,12,5.0,1.0,1.0,0.0,0.5833333333333334,0.4000000000000001,0.0,0.0,0.0,0.0,0.2727272727272727
4,1,two_local,2,0,0,0,0,8,0.0,0,8,4,4,0,4,1.0,2.0,2,0,0.0,0.0,0,20,4,0.4,0,0,0.0,0.0,0.0,0,0,0.0,0.0,21,21,0,21,4,3,4,4,21,28,49,8,16.0,147.0,1.5,220.5,3,1,4,0,"{'r': 8, 'h': 8, 'cx': 4, 'barrier': 1}",4,0,0,4,11,4,1.6666666666666667,21,11.0,1.0,1.0,0.0,0.5,0.2727272727272727,0.0,0.0,0.0,0.0,0.2
4,1,su2,3,0,0,0,0,0,0.0,16,16,3,3,0,3,1.0,1.5,2,0,0.0,0.0,0,19,3,0.8421052631578947,0,0,0.0,0.0,0.0,0,0,0.0,0.0,19,19,0,19,4,3,3,4,19,22,41,7,12.754887502163468,115.10155180436178,1.5,172.65232770654268,3,0,4,0,"{'ry': 8, 'rz': 8, 'cx': 3}",4,0,0,4,7,4,2.7142857142857144,19,7.0,0.5,1.0,0.0,0.7857142857142857,0.5714285714285715,0.0,0.0,0.0,0.0,0.15789473684210525
4,1,linear_entanglement,3,0,0,0,0,0,0.0,0,0,3,3,0,3,1.0,1.5,2,0,0.0,0.0,0,11,3,0.0,0,0,0.0,0.0,0.0,0,0,0.0,0.0,12,12,0,12,4,2,3,4,12,18,30,7,12.754887502163468,84.22064766172812,1.0,84.22064766172812,2,1,4,0,"{'r': 8, 'cx': 3, 'barrier': 1}",4,0,0,4,5,4,1.8333333333333333,12,5.0,1.0,1.0,0.0,0.5833333333333334,0.4000000000000001,0.0,0.0,0.0,0.0,0.2727272727272727
4,1,two_local,3,0,0,0,0,8,0.0,0,8,4,4,0,4,1.0,2.0,2,0,0.0,0.0,0,20,4,0.4,0,0,0.0,0.0,0.0,0,0,0.0,0.0,21,21,0,21,4,3,4,4,21,28,49,8,16.0,147.0,1.5,220.5,3,1,4,0,"{'r': 8, 'h': 8, 'cx': 4, 'barrier': 1}",4,0,0,4,11,4,1.6666666666666667,21,11.0,1.0,1.0,0.0,0.5,0.2727272727272727,0.0,0.0,0.0,0.0,0.2
4,1,su2,4,0,0,0,0,0,0.0,16,16,3,3,0,3,1.0,1.5,2,0,0.0,0.0,0,19,3,0.8421052631578947,0,0,0.0,0.0,0.0,0,0,0.0,0.0,19,19,0,19,4,3,3,4,19,22,41,7,12.754887502163468,115.10155180436178,1.5,172.65232770654268,3,0,4,0,"{'ry': 8, 'rz': 8, 'cx': 3}",4,0,0,4,7,4,2.7142857142857144,19,7.0,0.5,1.0,0.0,0.7857142857142857,0.5714285714285715,0.0,0.0,0.0,0.0,0.15789473684210525
4,1,linear_entanglement,4,0,0,0,0,0,0.0,0,0,3,3,0,3,1.0,1.5,2,0,0.0,0.0,0,11,3,0.0,0,0,0.0,0.0,0.0,0,0,0.0,0.0,12,12,0,12,4,2,3,4,12,18,30,7,12.754887502163468,84.22064766172812,1.0,84.22064766172812,2,1,4,0,"{'r': 8, 'cx': 3, 'barrier': 1}",4,0,0,4,5,4,1.8333333333333333,12,5.0,1.0,1.0,0.0,0.5833333333333334,0.4000000000000001,0.0,0.0,0.0,0.0,0.2727272727272727
4,1,two_local,4,0,0,0,0,8,0.0,0,8,4,4,0,4,1.0,2.0,2,0,0.0,0.0,0,20,4,0.4,0,0,0.0,0.0,0.0,0,0,0.0,0.0,21,21,0,21,4,3,4,4,21,28,49,8,16.0,147.0,1.5,220.5,3,1,4,0,"{'r': 8, 'h': 8, 'cx': 4, 'barrier': 1}",4,0,0,4,11,4,1.6666666666666667,21,11.0,1.0,1.0,0.0,0.5,0.2727272727272727,0.0,0.0,0.0,0.0,0.2
4,2,su2,0,0,0,0,0,0,0.0,24,24,6,6,0,6,1.0,3.0,4,0,0.0,0.0,0,30,6,0.8,0,0,0.0,0.0,0.0,0,0,0.0,0.0,30,30,0,30,4,3,3,4,30,36,66,7,12.754887502163468,185.28542485580186,1.5,277.92813728370277,3,0,4,0,"{'ry': 12, 'rz': 12, 'cx': 6}",4,0,0,4,11,4,2.727272727272727,30,11.0,0.5,0.8333333333333334,0.0,0.8181818181818182,0.5757575757575757,0.0,0.0,0.0,0.0,0.2
4,2,linear_entanglement,0,0,0,0,0,0,0.0,0,0,6,6,0,6,1.0,3.0,4,0,0.0,0.0,0,18,6,0.0,0,0,0.0,0.0,0.0,0,0,0.0,0.0,20,20,0,20,4,2,3,4,20,32,52,7,12.754887502163468,145.98245594699543,1.0,145.98245594699543,2,1,4,0,"{'r': 12, 'cx': 6, 'barrier': 2}",4,0,0,4,9,4,1.6363636363636365,20,9.0,1.0,1.0,0.0,0.5454545454545454,0.3333333333333333,0.0,0.0,0.0,0.0,0.3333333333333333
4,2,two_local,0,0,0,0,0,16,0.0,0,16,8,8,0,8,1.0,4.0,4,0,0.0,0.0,0,36,8,0.4444444444444444,0,0,0.0,0.0,0.0,0,0,0.0,0.0,38,38,0,38,4,3,4,4,38,52,90,8,16.0,270.0,1.5,405.0,3,1,4,0,"{'r': 12, 'h': 16, 'cx': 8, 'barrier': 2}",4,0,0,4,21,4,1.565217391304348,38,21.0,1.0,1.0,0.0,0.4782608695652174,0.23809523809523805,0.0,0.0,0.0,0.0,0.2222222222222222
4,2,su2,1,0,0,0,0,0,0.0,24,24,6,6,0,6,1.0,3.0,4,0,0.0,0.0,0,30,6,0.8,0,0,0.0,0.0,0.0,0,0,0.0,0.0,30,30,0,30,4,3,3,4,30,36,66,7,12.754887502163468,185.28542485580186,1.5,277.92813728370277,3,0,4,0,"{'ry': 12, 'rz': 12, 'cx': 6}",4,0,0,4,11,4,2.727272727272727,30,11.0,0.5,0.8333333333333334,0.0,0.8181818181818182,0.5757575757575757,0.0,0.0,0.0,0.0,0.2
4,2,linear_entanglement,1,0,0,0,0,0,0.0,0,0,6,6,0,6,1.0,3.0,4,0,0.0,0.0,0,18,6,0.0,0,0,0.0,0.0,0.0,0,0,0.0,0.0,20,20,0,20,4,2,3,4,20,32,52,7,12.754887502163468,145.98245594699543,1.0,145.98245594699543,2,1,4,0,"{'r': 12, 'cx': 6, 'barrier': 2}",4,0,0,4,9,4,1.6363636363636365,20,9.0,1.0,1.0,0.0,0.5454545454545454,0.3333333333333333,0.0,0.0,0.0,0.0,0.3333333333333333
4,2,two_local,1,0,0,0,0,16,0.0,0,16,8,8,0,8,1.0,4.0,4,0,0.0,0.0,0,36,8,0.4444444444444444,0,0,0.0,0.0,0.0,0,0,0.0,0.0,38,38,0,38,4,3,4,4,38,52,90,8,16.0,270.0,1.5,405.0,3,1,4,0,"{'r': 12, 'h': 16, 'cx': 8, 'barrier': 2}",4,0,0,4,21,4,1.565217391304348,38,21.0,1.0,1.0,0.0,0.4782608695652174,0.23809523809523805,0.0,0.0,0.0,0.0,0.2222222222222222
4,2,su2,2,0,0,0,0,0,0.0,24,24,6,6,0,6,1.0,3.0,4,0,0.0,0.0,0,30,6,0.8,0,0,0.0,0.0,0.0,0,0,0.0,0.0,30,30,0,30,4,3,3,4,30,36,66,7,12.754887502163468,185.28542485580186,1.5,277.92813728370277,3,0,4,0,"{'ry': 12, 'rz': 12, 'cx': 6}",4,0,0,4,11,4,2.727272727272727,30,11.0,0.5,0.8333333333333334,0.0,0.8181818181818182,0.5757575757575757,0.0,0.0,0.0,0.0,0.2
4,2,linear_entanglement,2,0,0,0,0,0,0.0,0,0,6,6,0,6,1.0,3.0,4,0,0.0,0.0,0,18,6,0.0,0,0,0.0,0.0,0.0,0,0,0.0,0.0,20,20,0,20,4,2,3,4,20,32,52,7,12.754887502163468,145.98245594699543,1.0,145.98245594699543,2,1,4,0,"{'r': 12, 'cx': 6, 'barrier': 2}",4,0,0,4,9,4,1.6363636363636365,20,9.0,1.0,1.0,0.0,0.5454545454545454,0.3333333333333333,0.0,0.0,0.0,0.0,0.3333333333333333
4,2,two_local,2,0,0,0,0,16,0.0,0,16,8,8,0,8,1.0,4.0,4,0,0.0,0.0,0,36,8,0.4444444444444444,0,0,0.0,0.0,0.0,0,0,0.0,0.0,38,38,0,38,4,3,4,4,38,52,90,8,16.0,270.0,1.5,405.0,3,1,4,0,"{'r': 12, 'h': 16, 'cx': 8, 'barrier': 2}",4,0,0,4,21,4,1.565217391304348,38,21.0,1.0,1.0,0.0,0.4782608695652174,0.23809523809523805,0.0,0.0,0.0,0.0,0.2222222222222222
4,2,su2,3,0,0,0,0,0,0.0,24,24,6,6,0,6,1.0,3.0,4,0,0.0,0.0,0,30,6,0.8,0,0,0.0,0.0,0.0,0,0,0.0,0.0,30,30,0,30,4,3,3,4,30,36,66,7,12.754887502163468,185.28542485580186,1.5,277.92813728370277,3,0,4,0,"{'ry': 12, 'rz': 12, 'cx': 6}",4,0,0,4,11,4,2.727272727272727,30,11.0,0.5,0.8333333333333334,0.0,0.8181818181818182,0.5757575757575757,0.0,0.0,0.0,0.0,0.2
4,2,linear_entanglement,3,0,0,0,0,0,0.0,0,0,6,6,0,6,1.0,3.0,4,0,0.0,0.0,0,18,6,0.0,0,0,0.0,0.0,0.0,0,0,0.0,0.0,20,20,0,20,4,2,3,4,20,32,52,7,12.754887502163468,145.98245594699543,1.0,145.98245594699543,2,1,4,0,"{'r': 12, 'cx': 6, 'barrier': 2}",4,0,0,4,9,4,1.6363636363636365,20,9.0,1.0,1.0,0.0,0.5454545454545454,0.3333333333333333,0.0,0.0,0.0,0.0,0.3333333333333333
4,2,two_local,3,0,0,0,0,16,0.0,0,16,8,8,0,8,1.0,4.0,4,0,0.0,0.0,0,36,8,0.4444444444444444,0,0,0.0,0.0,0.0,0,0,0.0,0.0,38,38,0,38,4,3,4,4,38,52,90,8,16.0,270.0,1.5,405.0,3,1,4,0,"{'r': 12, 'h': 16, 'cx': 8, 'barrier': 2}",4,0,0,4,21,4,1.565217391304348,38,21.0,1.0,1.0,0.0,0.4782608695652174,0.23809523809523805,0.0,0.0,0.0,0.0,0.2222222222222222
4,2,su2,4,0,0,0,0,0,0.0,24,24,6,6,0,6,1.0,3.0,4,0,0.0,0.0,0,30,6,0.8,0,0,0.0,0.0,0.0,0,0,0.0,0.0,30,30,0,30,4,3,3,4,30,36,66,7,12.754887502163468,185.28542485580186,1.5,277.92813728370277,3,0,4,0,"{'ry': 12, 'rz': 12, 'cx': 6}",4,0,0,4,11,4,2.727272727272727,30,11.0,0.5,0.8333333333333334,0.0,0.8181818181818182,0.5757575757575757,0.0,0.0,0.0,0.0,0.2
4,2,linear_entanglement,4,0,0,0,0,0,0.0,0,0,6,6,0,6,1.0,3.0,4,0,0.0,0.0,0,18,6,0.0,0,0,0.0,0.0,0.0,0,0,0.0,0.0,20,20,0,20,4,2,3,4,20,32,52,7,12.754887502163468,145.98245594699543,1.0,145.98245594699543,2,1,4,0,"{'r': 12, 'cx': 6, 'barrier': 2}",4,0,0,4,9,4,1.6363636363636365,20,9.0,1.0,1.0,0.0,0.5454545454545454,0.3333333333333333,0.0,0.0,0.0,0.0,0.3333333333333333
4,2,two_local,4,0,0,0,0,16,0.0,0,16,8,8,0,8,1.0,4.0,4,0,0.0,0.0,0,36,8,0.4444444444444444,0,0,0.0,0.0,0.0,0,0,0.0,0.0,38,38,0,38,4,3,4,4,38,52,90,8,16.0,270.0,1.5,405.0,3,1,4,0,"{'r': 12, 'h': 16, 'cx': 8, 'barrier': 2}",4,0,0,4,21,4,1.565217391304348,38,21.0,1.0,1.0,0.0,0.4782608695652174,0.23809523809523805,0.0,0.0,0.0,0.0,0.2222222222222222
4,4,su2,0,0,0,0,0,0,0.0,40,40,12,12,0,12,1.0,6.0,8,0,0.0,0.0,0,52,12,0.7692307692307693,0,0,0.0,0.0,0.0,0,0,0.0,0.0,52,52,0,52,4,3,3,4,52,64,116,7,12.754887502163468,325.6531709586821,1.5,488.4797564380232,3,0,4,0,"{'ry': 20, 'rz': 20, 'cx': 12}",4,0,0,4,19,4,2.736842105263158,52,19.0,0.5,0.75,0.0,0.8421052631578947,0.5789473684210527,0.0,0.0,0.0,0.0,0.23076923076923078
4,4,linear_entanglement,0,0,0,0,0,0,0.0,0,0,12,12,0,12,1.0,6.0,8,0,0.0,0.0,0,32,12,0.0,0,0,0.0,0.0,0.0,0,0,0.0,0.0,36,36,0,36,4,2,3,4,36,60,96,7,12.754887502163468,269.50607251753,1.0,269.50607251753,2,1,4,0,"{'r': 20, 'cx': 12, 'barrier': 4}",4,0,0,4,17,4,1.5238095238095237,36,17.0,1.0,1.0,0.0,0.5238095238095238,0.29411764705882354,0.0,0.0,0.0,0.0,0.375
4,4,two_local,0,0,0,0,0,32,0.0,0,32,16,16,0,16,1.0,8.0,8,0,0.0,0.0,0,68,16,0.47058823529411764,0,0,0.0,0.0,0.0,0,0,0.0,0.0,72,72,0,72,4,3,4,4,72,100,172,8,16.0,516.0,1.5,774.0,3,1,4,0,"{'r': 20, 'h': 32, 'cx': 16, 'barrier': 4}",4,0,0,4,41,4,1.511111111111111,72,41.0,1.0,1.0,0.0,0.4666666666666667,0.2195121951219512,0.0,0.0,0.0,0.0,0.23529411764705882
4,4,su2,1,0,0,0,0,0,0.0,40,40,12,12,0,12,1.0,6.0,8,0,0.0,0.0,0,52,12,0.7692307692307693,0,0,0.0,0.0,0.0,0,0,0.0,0.0,52,52,0,52,4,3,3,4,52,64,116,7,12.754887502163468,325.6531709586821,1.5,488.4797564380232,3,0,4,0,"{'ry': 20, 'rz': 20, 'cx': 12}",4,0,0,4,19,4,2.736842105263158,52,19.0,0.5,0.75,0.0,0.8421052631578947,0.5789473684210527,0.0,0.0,0.0,0.0,0.23076923076923078
4,4,linear_entanglement,1,0,0,0,0,0,0.0,0,0,12,12,0,12,1.0,6.0,8,0,0.0,0.0,0,32,12,0.0,0,0,0.0,0.0,0.0,0,0,0.0,0.0,36,36,0,36,4,2,3,4,36,60,96,7,12.754887502163468,269.50607251753,1.0,269.50607251753,2,1,4,0,"{'r': 20, 'cx': 12, 'barrier': 4}",4,0,0,4,17,4,1.5238095238095237,36,17.0,1.0,1.0,0.0,0.5238095238095238,0.29411764705882354,0.0,0.0,0.0,0.0,0.375
4,4,two_local,1,0,0,0,0,32,0.0,0,32,16,16,0,16,1.0,8.0,8,0,0.0,0.0,0,68,16,0.47058823529411764,0,0,0.0,0.0,0.0,0,0,0.0,0.0,72,72,0,72,4,3,4,4,72,100,172,8,16.0,516.0,1.5,774.0,3,1,4,0,"{'r': 20, 'h': 32, 'cx': 16, 'barrier': 4}",4,0,0,4,41,4,1.511111111111111,72,41.0,1.0,1.0,0.0,0.4666666666666667,0.2195121951219512,0.0,0.0,0.0,0.0,0.23529411764705882
4,4,su2,2,0,0,0,0,0,0.0,40,40,12,12,0,12,1.0,6.0,8,0,0.0,0.0,0,52,12,0.7692307692307693,0,0,0.0,0.0,0.0,0,0,0.0,0.0,52,52,0,52,4,3,3,4,52,64,116,7,12.754887502163468,325.6531709586821,1.5,488.4797564380232,3,0,4,0,"{'ry': 20, 'rz': 20, 'cx': 12}",4,0,0,4,19,4,2.736842105263158,52,19.0,0.5,0.75,0.0,0.8421052631578947,0.5789473684210527,0.0,0.0,0.0,0.0,0.23076923076923078
4,4,linear_entanglement,2,0,0,0,0,0,0.0,0,0,12,12,0,12,1.0,6.0,8,0,0.0,0.0,0,32,12,0.0,0,0,0.0,0.0,0.0,0,0,0.0,0.0,36,36,0,36,4,2,3,4,36,60,96,7,12.754887502163468,269.50607251753,1.0,269.50607251753,2,1,4,0,"{'r': 20, 'cx': 12, 'barrier': 4}",4,0,0,4,17,4,1.5238095238095237,36,17.0,1.0,1.0,0.0,0.5238095238095238,0.29411764705882354,0.0,0.0,0.0,0.0,0.375
4,4,two_local,2,0,0,0,0,32,0.0,0,32,16,16,0,16,1.0,8.0,8,0,0.0,0.0,0,68,16,0.47058823529411764,0,0,0.0,0.0,0.0,0,0,0.0,0.0,72,72,0,72,4,3,4,4,72,100,172,8,16.0,516.0,1.5,774.0,3,1,4,0,"{'r': 20, 'h': 32, 'cx': 16, 'barrier': 4}",4,0,0,4,41,4,1.511111111111111,72,41.0,1.0,1.0,0.0,0.4666666666666667,0.2195121951219512,0.0,0.0,0.0,0.0,0.23529411764705882
4,4,su2,3,0,0,0,0,0,0.0,40,40,12,12,0,12,1.0,6.0,8,0,0.0,0.0,0,52,12,0.7692307692307693,0,0,0.0,0.0,0.0,0,0,0.0,0.0,52,52,0,52,4,3,3,4,52,64,116,7,12.754887502163468,325.6531709586821,1.5,488.4797564380232,3,0,4,0,"{'ry': 20, 'rz': 20, 'cx': 12}",4,0,0,4,19,4,2.736842105263158,52,19.0,0.5,0.75,0.0,0.8421052631578947,0.5789473684210527,0.0,0.0,0.0,0.0,0.23076923076923078
4,4,linear_entanglement,3,0,0,0,0,0,0.0,0,0,12,12,0,12,1.0,6.0,8,0,0.0,0.0,0,32,12,0.0,0,0,0.0,0.0,0.0,0,0,0.0,0.0,36,36,0,36,4,2,3,4,36,60,96,7,12.754887502163468,269.50607251753,1.0,269.50607251753,2,1,4,0,"{'r': 20, 'cx': 12, 'barrier': 4}",4,0,0,4,17,4,1.5238095238095237,36,17.0,1.0,1.0,0.0,0.5238095238095238,0.29411764705882354,0.0,0.0,0.0,0.0,0.375
4,4,two_local,3,0,0,0,0,32,0.0,0,32,16,16,0,16,1.0,8.0,8,0,0.0,0.0,0,68,16,0.47058823529411764,0,0,0.0,0.0,0.0,0,0,0.0,0.0,72,72,0,72,4,3,4,4,72,100,172,8,16.0,516.0,1.5,774.0,3,1,4,0,"{'r': 20, 'h': 32, 'cx': 16, 'barrier': 4}",4,0,0,4,41,4,1.511111111111111,72,41.0,1.0,1.0,0.0,0.4666666666666667,0.2195121951219512,0.0,0.0,0.0,0.0,0.23529411764705882
4,4,su2,4,0,0,0,0,0,0.0,40,40,12,12,0,12,1.0,6.0,8,0,0.0,0.0,0,52,12,0.7692307692307693,0,0,0.0,0.0,0.0,0,0,0.0,0.0,52,52,0,52,4,3,3,4,52,64,116,7,12.754887502163468,325.6531709586821,1.5,488.4797564380232,3,0,4,0,"{'ry': 20, 'rz': 20, 'cx': 12}",4,0,0,4,19,4,2.736842105263158,52,19.0,0.5,0.75,0.0,0.8421052631578947,0.5789473684210527,0.0,0.0,0.0,0.0,0.23076923076923078
4,4,linear_entanglement,4,0,0,0,0,0,0.0,0,0,12,12,0,12,1.0,6.0,8,0,0.0,0.0,0,32,12,0.0,0,0,0.0,0.0,0.0,0,0,0.0,0.0,36,36,0,36,4,2,3,4,36,60,96,7,12.754887502163468,269.50607251753,1.0,269.50607251753,2,1,4,0,"{'r': 20, 'cx': 12, 'barrier': 4}",4,0,0,4,17,4,1.5238095238095237,36,17.0,1.0,1.0,0.0,0.5238095238095238,0.29411764705882354,0.0,0.0,0.0,0.0,0.375
4,4,two_local,4,0,0,0,0,32,0.0,0,32,16,16,0,16,1.0,8.0,8,0,0.0,0.0,0,68,16,0.47058823529411764,0,0,0.0,0.0,0.0,0,0,0.0,0.0,72,72,0,72,4,3,4,4,72,100,172,8,16.0,516.0,1.5,774.0,3,1,4,0,"{'r': 20, 'h': 32, 'cx': 16, 'barrier': 4}",4,0,0,4,41,4,1.511111111111111,72,41.0,1.0,1.0,0.0,0.4666666666666667,0.2195121951219512,0.0,0.0,0.0,0.0,0.23529411764705882
4,6,su2,0,0,0,0,0,0,0.0,56,56,18,18,0,18,1.0,9.0,12,0,0.0,0.0,0,74,18,0.7567567567567568,0,0,0.0,0.0,0.0,0,0,0.0,0.0,74,74,0,74,4,3,3,4,74,92,166,7,12.754887502163468,466.0209170615623,1.5,699.0313755923435,3,0,4,0,"{'ry': 28, 'rz': 28, 'cx': 18}",4,0,0,4,27,4,2.740740740740741,74,27.0,0.5,0.7222222222222222,0.0,0.8518518518518519,0.5802469135802469,0.0,0.0,0.0,0.0,0.24324324324324326
4,6,linear_entanglement,0,0,0,0,0,0,0.0,0,0,18,18,0,18,1.0,9.0,12,0,0.0,0.0,0,46,18,0.0,0,0,0.0,0.0,0.0,0,0,0.0,0.0,52,52,0,52,4,2,3,4,52,88,140,7,12.754887502163468,393.0296890880646,1.0,393.0296890880646,2,1,4,0,"{'r': 28, 'cx': 18, 'barrier': 6}",4,0,0,4,25,4,1.4838709677419355,52,25.0,1.0,1.0,0.0,0.5161290322580645,0.28,0.0,0.0,0.0,0.0,0.391304347826087
4,6,two_local,0,0,0,0,0,48,0.0,0,48,24,24,0,24,1.0,12.0,12,0,0.0,0.0,0,100,24,0.48,0,0,0.0,0.0,0.0,0,0,0.0,0.0,106,106,0,106,4,3,4,4,106,148,254,8,16.0,762.0,1.5,1143.0,3,1,4,0,"{'r': 28, 'h': 48, 'cx': 24, 'barrier': 6}",4,0,0,4,61,4,1.492537313432836,106,61.0,1.0,1.0,0.0,0.4626865671641791,0.21311475409836067,0.0,0.0,0.0,0.0,0.24
4,6,su2,1,0,0,0,0,0,0.0,56,56,18,18,0,18,1.0,9.0,12,0,0.0,0.0,0,74,18,0.7567567567567568,0,0,0.0,0.0,0.0,0,0,0.0,0.0,74,74,0,74,4,3,3,4,74,92,166,7,12.754887502163468,466.0209170615623,1.5,699.0313755923435,3,0,4,0,"{'ry': 28, 'rz': 28, 'cx': 18}",4,0,0,4,27,4,2.740740740740741,74,27.0,0.5,0.7222222222222222,0.0,0.8518518518518519,0.5802469135802469,0.0,0.0,0.0,0.0,0.24324324324324326
4,6,linear_entanglement,1,0,0,0,0,0,0.0,0,0,18,18,0,18,1.0,9.0,12,0,0.0,0.0,0,46,18,0.0,0,0,0.0,0.0,0.0,0,0,0.0,0.0,52,52,0,52,4,2,3,4,52,88,140,7,12.754887502163468,393.0296890880646,1.0,393.0296890880646,2,1,4,0,"{'r': 28, 'cx': 18, 'barrier': 6}",4,0,0,4,25,4,1.4838709677419355,52,25.0,1.0,1.0,0.0,0.5161290322580645,0.28,0.0,0.0,0.0,0.0,0.391304347826087
4,6,two_local,1,0,0,0,0,48,0.0,0,48,24,24,0,24,1.0,12.0,12,0,0.0,0.0,0,100,24,0.48,0,0,0.0,0.0,0.0,0,0,0.0,0.0,106,106,0,106,4,3,4,4,106,148,254,8,16.0,762.0,1.5,1143.0,3,1,4,0,"{'r': 28, 'h': 48, 'cx': 24, 'barrier': 6}",4,0,0,4,61,4,1.492537313432836,106,61.0,1.0,1.0,0.0,0.4626865671641791,0.21311475409836067,0.0,0.0,0.0,0.0,0.24
4,6,su2,2,0,0,0,0,0,0.0,56,56,18,18,0,18,1.0,9.0,12,0,0.0,0.0,0,74,18,0.7567567567567568,0,0,0.0,0.0,0.0,0,0,0.0,0.0,74,74,0,74,4,3,3,4,74,92,166,7,12.754887502163468,466.0209170615623,1.5,699.0313755923435,3,0,4,0,"{'ry': 28, 'rz': 28, 'cx': 18}",4,0,0,4,27,4,2.740740740740741,74,27.0,0.5,0.7222222222222222,0.0,0.8518518518518519,0.5802469135802469,0.0,0.0,0.0,0.0,0.24324324324324326
4,6,linear_entanglement,2,0,0,0,0,0,0.0,0,0,18,18,0,18,1.0,9.0,12,0,0.0,0.0,0,46,18,0.0,0,0,0.0,0.0,0.0,0,0,0.0,0.0,52,52,0,52,4,2,3,4,52,88,140,7,12.754887502163468,393.0296890880646,1.0,393.0296890880646,2,1,4,0,"{'r': 28, 'cx': 18, 'barrier': 6}",4,0,0,4,25,4,1.4838709677419355,52,25.0,1.0,1.0,0.0,0.5161290322580645,0.28,0.0,0.0,0.0,0.0,0.391304347826087
4,6,two_local,2,0,0,0,0,48,0.0,0,48,24,24,0,24,1.0,12.0,12,0,0.0,0.0,0,100,24,0.48,0,0,0.0,0.0,0.0,0,0,0.0,0.0,106,106,0,106,4,3,4,4,106,148,254,8,16.0,762.0,1.5,1143.0,3,1,4,0,"{'r': 28, 'h': 48, 'cx': 24, 'barrier': 6}",4,0,0,4,61,4,1.492537313432836,106,61.0,1.0,1.0,0.0,0.4626865671641791,0.21311475409836067,0.0,0.0,0.0,0.0,0.24
4,6,su2,3,0,0,0,0,0,0.0,56,56,18,18,0,18,1.0,9.0,12,0,0.0,0.0,0,74,18,0.7567567567567568,0,0,0.0,0.0,0.0,0,0,0.0,0.0,74,74,0,74,4,3,3,4,74,92,166,7,12.754887502163468,466.0209170615623,1.5,699.0313755923435,3,0,4,0,"{'ry': 28, 'rz': 28, 'cx': 18}",4,0,0,4,27,4,2.740740740740741,74,27.0,0.5,0.7222222222222222,0.0,0.8518518518518519,0.5802469135802469,0.0,0.0,0.0,0.0,0.24324324324324326
4,6,linear_entanglement,3,0,0,0,0,0,0.0,0,0,18,18,0,18,1.0,9.0,12,0,0.0,0.0,0,46,18,0.0,0,0,0.0,0.0,0.0,0,0,0.0,0.0,52,52,0,52,4,2,3,4,52,88,140,7,12.754887502163468,393.0296890880646,1.0,393.0296890880646,2,1,4,0,"{'r': 28, 'cx': 18, 'barrier': 6}",4,0,0,4,25,4,1.4838709677419355,52,25.0,1.0,1.0,0.0,0.5161290322580645,0.28,0.0,0.0,0.0,0.0,0.391304347826087
4,6,two_local,3,0,0,0,0,48,0.0,0,48,24,24,0,24,1.0,12.0,12,0,0.0,0.0,0,100,24,0.48,0,0,0.0,0.0,0.0,0,0,0.0,0.0,106,106,0,106,4,3,4,4,106,148,254,8,16.0,762.0,1.5,1143.0,3,1,4,0,"{'r': 28, 'h': 48, 'cx': 24, 'barrier': 6}",4,0,0,4,61,4,1.492537313432836,106,61.0,1.0,1.0,0.0,0.4626865671641791,0.21311475409836067,0.0,0.0,0.0,0.0,0.24
4,6,su2,4,0,0,0,0,0,0.0,56,56,18,18,0,18,1.0,9.0,12,0,0.0,0.0,0,74,18,0.7567567567567568,0,0,0.0,0.0,0.0,0,0,0.0,0.0,74,74,0,74,4,3,3,4,74,92,166,7,12.754887502163468,466.0209170615623,1.5,699.0313755923435,3,0,4,0,"{'ry': 28, 'rz': 28, 'cx': 18}",4,0,0,4,27,4,2.740740740740741,74,27.0,0.5,0.7222222222222222,0.0,0.8518518518518519,0.5802469135802469,0.0,0.0,0.0,0.0,0.24324324324324326
4,6,linear_entanglement,4,0,0,0,0,0,0.0,0,0,18,18,0,18,1.0,9.0,12,0,0.0,0.0,0,46,18,0.0,0,0,0.0,0.0,0.0,0,0,0.0,0.0,52,52,0,52,4,2,3,4,52,88,140,7,12.754887502163468,393.0296890880646,1.0,393.0296890880646,2,1,4,0,"{'r': 28, 'cx': 18, 'barrier': 6}",4,0,0,4,25,4,1.4838709677419355,52,25.0,1.0,1.0,0.0,0.5161290322580645,0.28,0.0,0.0,0.0,0.0,0.391304347826087
4,6,two_local,4,0,0,0,0,48,0.0,0,48,24,24,0,24,1.0,12.0,12,0,0.0,0.0,0,100,24,0.48,0,0,0.0,0.0,0.0,0,0,0.0,0.0,106,106,0,106,4,3,4,4,106,148,254,8,16.0,762.0,1.5,1143.0,3,1,4,0,"{'r': 28, 'h': 48, 'cx': 24, 'barrier': 6}",4,0,0,4,61,4,1.492537313432836,106,61.0,1.0,1.0,0.0,0.4626865671641791,0.21311475409836067,0.0,0.0,0.0,0.0,0.24
6,1,su2,0,0,0,0,0,0,0.0,24,24,5,5,0,5,1.0,1.6666666666666667,2,0,0.0,0.0,0,29,5,0.8275862068965517,0,0,0.0,0.0,0.0,0,0,0.0,0.0,29,29,0,29,6,3,3,6,29,34,63,9,20.264662506490403,199.70527509086565,1.5,299.5579126362985,3,0,6,0,"{'ry': 12, 'rz': 12, 'cx': 5}",6,0,0,6,9,6,3.2222222222222223,29,9.0,0.3333333333333333,1.0,0.0,0.6296296296296297,0.4444444444444445,0.0,0.0,0.0,0.0,0.1724137931034483
6,1,linear_entanglement,0,0,0,0,0,0,0.0,0,0,5,5,0,5,1.0,1.6666666666666667,2,0,0.0,0.0,0,17,5,0.0,0,0,0.0,0.0,0.0,0,0,0.0,0.0,18,18,0,18,6,2,3,6,18,28,46,9,20.264662506490403,145.81655006634637,1.0,145.81655006634637,2,1,6,0,"{'r': 12, 'cx': 5, 'barrier': 1}",6,0,0,6,7,6,2.125,18,7.0,1.0,1.0,0.0,0.4583333333333333,0.2857142857142857,0.0,0.0,0.0,0.0,0.29411764705882354
6,1,two_local,0,0,0,0,0,12,0.0,0,12,6,6,0,6,1.0,2.0,2,0,0.0,0.0,0,30,6,0.4,0,0,0.0,0.0,0.0,0,0,0.0,0.0,31,31,0,31,6,3,4,6,31,42,73,10,23.509775004326936,242.50075092677744,1.5,363.7511263901662,3,1,6,0,"{'r': 12, 'h': 12, 'cx': 6, 'barrier': 1}",6,0,0,6,15,6,1.875,31,15.0,1.0,1.0,0.0,0.375,0.2,0.0,0.0,0.0,0.0,0.2
6,1,su2,1,0,0,0,0,0,0.0,24,24,5,5,0,5,1.0,1.6666666666666667,2,0,0.0,0.0,0,29,5,0.8275862068965517,0,0,0.0,0.0,0.0,0,0,0.0,0.0,29,29,0,29,6,3,3,6,29,34,63,9,20.264662506490403,199.70527509086565,1.5,299.5579126362985,3,0,6,0,"{'ry': 12, 'rz': 12, 'cx': 5}",6,0,0,6,9,6,3.2222222222222223,29,9.0,0.3333333333333333,1.0,0.0,0.6296296296296297,0.4444444444444445,0.0,0.0,0.0,0.0,0.1724137931034483
6,1,linear_entanglement,1,0,0,0,0,0,0.0,0,0,5,5,0,5,1.0,1.6666666666666667,2,0,0.0,0.0,0,17,5,0.0,0,0,0.0,0.0,0.0,0,0,0.0,0.0,18,18,0,18,6,2,3,6,18,28,46,9,20.264662506490403,145.81655006634637,1.0,145.81655006634637,2,1,6,0,"{'r': 12, 'cx': 5, 'barrier': 1}",6,0,0,6,7,6,2.125,18,7.0,1.0,1.0,0.0,0.4583333333333333,0.2857142857142857,0.0,0.0,0.0,0.0,0.29411764705882354
6,1,two_local,1,0,0,0,0,12,0.0,0,12,6,6,0,6,1.0,2.0,2,0,0.0,0.0,0,30,6,0.4,0,0,0.0,0.0,0.0,0,0,0.0,0.0,31,31,0,31,6,3,4,6,31,42,73,10,23.509775004326936,242.50075092677744,1.5,363.7511263901662,3,1,6,0,"{'r': 12, 'h': 12, 'cx': 6, 'barrier': 1}",6,0,0,6,15,6,1.875,31,15.0,1.0,1.0,0.0,0.375,0.2,0.0,0.0,0.0,0.0,0.2
6,1,su2,2,0,0,0,0,0,0.0,24,24,5,5,0,5,1.0,1.6666666666666667,2,0,0.0,0.0,0,29,5,0.8275862068965517,0,0,0.0,0.0,0.0,0,0,0.0,0.0,29,29,0,29,6,3,3,6,29,34,63,9,20.264662506490403,199.70527509086565,1.5,299.5579126362985,3,0,6,0,"{'ry': 12, 'rz': 12, 'cx': 5}",6,0,0,6,9,6,3.2222222222222223,29,9.0,0.3333333333333333,1.0,0.0,0.6296296296296297,0.4444444444444445,0.0,0.0,0.0,0.0,0.1724137931034483
6,1,linear_entanglement,2,0,0,0,0,0,0.0,0,0,5,5,0,5,1.0,1.6666666666666667,2,0,0.0,0.0,0,17,5,0.0,0,0,0.0,0.0,0.0,0,0,0.0,0.0,18,18,0,18,6,2,3,6,18,28,46,9,20.264662506490403,145.81655006634637,1.0,145.81655006634637,2,1,6,0,"{'r': 12, 'cx': 5, 'barrier': 1}",6,0,0,6,7,6,2.125,18,7.0,1.0,1.0,0.0,0.4583333333333333,0.2857142857142857,0.0,0.0,0.0,0.0,0.29411764705882354
6,1,two_local,2,0,0,0,0,12,0.0,0,12,6,6,0,6,1.0,2.0,2,0,0.0,0.0,0,30,6,0.4,0,0,0.0,0.0,0.0,0,0,0.0,0.0,31,31,0,31,6,3,4,6,31,42,73,10,23.509775004326936,242.50075092677744,1.5,363.7511263901662,3,1,6,0,"{'r': 12, 'h': 12, 'cx': 6, 'barrier': 1}",6,0,0,6,15,6,1.875,31,15.0,1.0,1.0,0.0,0.375,0.2,0.0,0.0,0.0,0.0,0.2
6,1,su2,3,0,0,0,0,0,0.0,24,24,5,5,0,5,1.0,1.6666666666666667,2,0,0.0,0.0,0,29,5,0.8275862068965517,0,0,0.0,0.0,0.0,0,0,0.0,0.0,29,29,0,29,6,3,3,6,29,34,63,9,20.264662506490403,199.70527509086565,1.5,299.5579126362985,3,0,6,0,"{'ry': 12, 'rz': 12, 'cx': 5}",6,0,0,6,9,6,3.2222222222222223,29,9.0,0.3333333333333333,1.0,0.0,0.6296296296296297,0.4444444444444445,0.0,0.0,0.0,0.0,0.1724137931034483
6,1,linear_entanglement,3,0,0,0,0,0,0.0,0,0,5,5,0,5,1.0,1.6666666666666667,2,0,0.0,0.0,0,17,5,0.0,0,0,0.0,0.0,0.0,0,0,0.0,0.0,18,18,0,18,6,2,3,6,18,28,46,9,20.264662506490403,145.81655006634637,1.0,145.81655006634637,2,1,6,0,"{'r': 12, 'cx': 5, 'barrier': 1}",6,0,0,6,7,6,2.125,18,7.0,1.0,1.0,0.0,0.4583333333333333,0.2857142857142857,0.0,0.0,0.0,0.0,0.29411764705882354
6,1,two_local,3,0,0,0,0,12,0.0,0,12,6,6,0,6,1.0,2.0,2,0,0.0,0.0,0,30,6,0.4,0,0,0.0,0.0,0.0,0,0,0.0,0.0,31,31,0,31,6,3,4,6,31,42,73,10,23.509775004326936,242.50075092677744,1.5,363.7511263901662,3,1,6,0,"{'r': 12, 'h': 12, 'cx': 6, 'barrier': 1}",6,0,0,6,15,6,1.875,31,15.0,1.0,1.0,0.0,0.375,0.2,0.0,0.0,0.0,0.0,0.2
6,1,su2,4,0,0,0,0,0,0.0,24,24,5,5,0,5,1.0,1.6666666666666667,2,0,0.0,0.0,0,29,5,0.8275862068965517,0,0,0.0,0.0,0.0,0,0,0.0,0.0,29,29,0,29,6,3,3,6,29,34,63,9,20.264662506490403,199.70527509086565,1.5,299.5579126362985,3,0,6,0,"{'ry': 12, 'rz': 12, 'cx': 5}",6,0,0,6,9,6,3.2222222222222223,29,9.0,0.3333333333333333,1.0,0.0,0.6296296296296297,0.4444444444444445,0.0,0.0,0.0,0.0,0.1724137931034483
6,1,linear_entanglement,4,0,0,0,0,0,0.0,0,0,5,5,0,5,1.0,1.6666666666666667,2,0,0.0,0.0,0,17,5,0.0,0,0,0.0,0.0,0.0,0,0,0.0,0.0,18,18,0,18,6,2,3,6,18,28,46,9,20.264662506490403,145.81655006634637,1.0,145.81655006634637,2,1,6,0,"{'r': 12, 'cx': 5, 'barrier': 1}",6,0,0,6,7,6,2.125,18,7.0,1.0,1.0,0.0,0.4583333333333333,0.2857142857142857,0.0,0.0,0.0,0.0,0.29411764705882354
6,1,two_local,4,0,0,0,0,12,0.0,0,12,6,6,0,6,1.0,2.0,2,0,0.0,0.0,0,30,6,0.4,0,0,0.0,0.0,0.0,0,0,0.0,0.0,31,31,0,31,6,3,4,6,31,42,73,10,23.509775004326936,242.50075092677744,1.5,363.7511263901662,3,1,6,0,"{'r': 12, 'h': 12, 'cx': 6, 'barrier': 1}",6,0,0,6,15,6,1.875,31,15.0,1.0,1.0,0.0,0.375,0.2,0.0,0.0,0.0,0.0,0.2
6,2,su2,0,0,0,0,0,0,0.0,36,36,10,10,0,10,1.0,3.3333333333333335,4,0,0.0,0.0,0,46,10,0.782608695652174,0,0,0.0,0.0,0.0,0,0,0.0,0.0,46,46,0,46,6,3,3,6,46,56,102,9,20.264662506490403,323.33235014711585,1.5,484.99852522067374,3,0,6,0,"{'ry': 18, 'rz': 18, 'cx': 10}",6,0,0,6,13,6,3.5384615384615383,46,13.0,0.3333333333333333,0.7,0.0,0.717948717948718,0.5076923076923077,0.0,0.0,0.0,0.0,0.21739130434782608
6,2,linear_entanglement,0,0,0,0,0,0,0.0,0,0,10,10,0,10,1.0,3.3333333333333335,4,0,0.0,0.0,0,28,10,0.0,0,0,0.0,0.0,0.0,0,0,0.0,0.0,30,30,0,30,6,2,3,6,30,50,80,9,20.264662506490403,253.59400011538497,1.0,253.59400011538497,2,1,6,0,"{'r': 18, 'cx': 10, 'barrier': 2}",6,0,0,6,13,6,1.8666666666666667,30,13.0,1.0,1.0,0.0,0.4222222222222222,0.23076923076923075,0.0,0.0,0.0,0.0,0.35714285714285715
6,2,two_local,0,0,0,0,0,24,0.0,0,24,12,12,0,12,1.0,4.0,4,0,0.0,0.0,0,54,12,0.4444444444444444,0,0,0.0,0.0,0.0,0,0,0.0,0.0,56,56,0,56,6,3,4,6,56,78,134,10,23.509775004326936,445.1383647149065,1.5,667.7075470723598,3,1,6,0,"{'r': 18, 'h': 24, 'cx': 12, 'barrier': 2}",6,0,0,6,29,6,1.7419354838709677,56,29.0,1.0,1.0,0.0,0.3548387096774194,0.17241379310344826,0.0,0.0,0.0,0.0,0.2222222222222222
6,2,su2,1,0,0,0,0,0,0.0,36,36,10,10,0,10,1.0,3.3333333333333335,4,0,0.0,0.0,0,46,10,0.782608695652174,0,0,0.0,0.0,0.0,0,0,0.0,0.0,46,46,0,46,6,3,3,6,46,56,102,9,20.264662506490403,323.33235014711585,1.5,484.99852522067374,3,0,6,0,"{'ry': 18, 'rz': 18, 'cx': 10}",6,0,0,6,13,6,3.5384615384615383,46,13.0,0.3333333333333333,0.7,0.0,0.717948717948718,0.5076923076923077,0.0,0.0,0.0,0.0,0.21739130434782608
6,2,linear_entanglement,1,0,0,0,0,0,0.0,0,0,10,10,0,10,1.0,3.3333333333333335,4,0,0.0,0.0,0,28,10,0.0,0,0,0.0,0.0,0.0,0,0,0.0,0.0,30,30,0,30,6,2,3,6,30,50,80,9,20.264662506490403,253.59400011538497,1.0,253.59400011538497,2,1,6,0,"{'r': 18, 'cx': 10, 'barrier': 2}",6,0,0,6,13,6,1.8666666666666667,30,13.0,1.0,1.0,0.0,0.4222222222222222,0.23076923076923075,0.0,0.0,0.0,0.0,0.35714285714285715
6,2,two_local,1,0,0,0,0,24,0.0,0,24,12,12,0,12,1.0,4.0,4,0,0.0,0.0,0,54,12,0.4444444444444444,0,0,0.0,0.0,0.0,0,0,0.0,0.0,56,56,0,56,6,3,4,6,56,78,134,10,23.509775004326936,445.1383647149065,1.5,667.7075470723598,3,1,6,0,"{'r': 18, 'h': 24, 'cx': 12, 'barrier': 2}",6,0,0,6,29,6,1.7419354838709677,56,29.0,1.0,1.0,0.0,0.3548387096774194,0.17241379310344826,0.0,0.0,0.0,0.0,0.2222222222222222
6,2,su2,2,0,0,0,0,0,0.0,36,36,10,10,0,10,1.0,3.3333333333333335,4,0,0.0,0.0,0,46,10,0.782608695652174,0,0,0.0,0.0,0.0,0,0,0.0,0.0,46,46,0,46,6,3,3,6,46,56,102,9,20.264662506490403,323.33235014711585,1.5,484.99852522067374,3,0,6,0,"{'ry': 18, 'rz': 18, 'cx': 10}",6,0,0,6,13,6,3.5384615384615383,46,13.0,0.3333333333333333,0.7,0.0,0.717948717948718,0.5076923076923077,0.0,0.0,0.0,0.0,0.21739130434782608
6,2,linear_entanglement,2,0,0,0,0,0,0.0,0,0,10,10,0,10,1.0,3.3333333333333335,4,0,0.0,0.0,0,28,10,0.0,0,0,0.0,0.0,0.0,0,0,0.0,0.0,30,30,0,30,6,2,3,6,30,50,80,9,20.264662506490403,253.59400011538497,1.0,253.59400011538497,2,1,6,0,"{'r': 18, 'cx': 10, 'barrier': 2}",6,0,0,6,13,6,1.8666666666666667,30,13.0,1.0,1.0,0.0,0.4222222222222222,0.23076923076923075,0.0,0.0,0.0,0.0,0.35714285714285715
6,2,two_local,2,0,0,0,0,24,0.0,0,24,12,12,0,12,1.0,4.0,4,0,0.0,0.0,0,54,12,0.4444444444444444,0,0,0.0,0.0,0.0,0,0,0.0,0.0,56,56,0,56,6,3,4,6,56,78,134,10,23.509775004326936,445.1383647149065,1.5,667.7075470723598,3,1,6,0,"{'r': 18, 'h': 24, 'cx': 12, 'barrier': 2}",6,0,0,6,29,6,1.7419354838709677,56,29.0,1.0,1.0,0.0,0.3548387096774194,0.17241379310344826,0.0,0.0,0.0,0.0,0.2222222222222222
6,2,su2,3,0,0,0,0,0,0.0,36,36,10,10,0,10,1.0,3.3333333333333335,4,0,0.0,0.0,0,46,10,0.782608695652174,0,0,0.0,0.0,0.0,0,0,0.0,0.0,46,46,0,46,6,3,3,6,46,56,102,9,20.264662506490403,323.33235014711585,1.5,484.99852522067374,3,0,6,0,"{'ry': 18, 'rz': 18, 'cx': 10}",6,0,0,6,13,6,3.5384615384615383,46,13.0,0.3333333333333333,0.7,0.0,0.717948717948718,0.5076923076923077,0.0,0.0,0.0,0.0,0.21739130434782608
6,2,linear_entanglement,3,0,0,0,0,0,0.0,0,0,10,10,0,10,1.0,3.3333333333333335,4,0,0.0,0.0,0,28,10,0.0,0,0,0.0,0.0,0.0,0,0,0.0,0.0,30,30,0,30,6,2,3,6,30,50,80,9,20.264662506490403,253.59400011538497,1.0,253.59400011538497,2,1,6,0,"{'r': 18, 'cx': 10, 'barrier': 2}",6,0,0,6,13,6,1.8666666666666667,30,13.0,1.0,1.0,0.0,0.4222222222222222,0.23076923076923075,0.0,0.0,0.0,0.0,0.35714285714285715
6,2,two_local,3,0,0,0,0,24,0.0,0,24,12,12,0,12,1.0,4.0,4,0,0.0,0.0,0,54,12,0.4444444444444444,0,0,0.0,0.0,0.0,0,0,0.0,0.0,56,56,0,56,6,3,4,6,56,78,134,10,23.509775004326936,445.1383647149065,1.5,667.7075470723598,3,1,6,0,"{'r': 18, 'h': 24, 'cx': 12, 'barrier': 2}",6,0,0,6,29,6,1.7419354838709677,56,29.0,1.0,1.0,0.0,0.3548387096774194,0.17241379310344826,0.0,0.0,0.0,0.0,0.2222222222222222
6,2,su2,4,0,0,0,0,0,0.0,36,36,10,10,0,10,1.0,3.3333333333333335,4,0,0.0,0.0,0,46,10,0.782608695652174,0,0,0.0,0.0,0.0,0,0,0.0,0.0,46,46,0,46,6,3,3,6,46,56,102,9,20.264662506490403,323.33235014711585,1.5,484.99852522067374,3,0,6,0,"{'ry': 18, 'rz': 18, 'cx': 10}",6,0,0,6,13,6,3.5384615384615383,46,13.0,0.3333333333333333,0.7,0.0,0.717948717948718,0.5076923076923077,0.0,0.0,0.0,0.0,0.21739130434782608
6,2,linear_entanglement,4,0,0,0,0,0,0.0,0,0,10,10,0,10,1.0,3.3333333333333335,4,0,0.0,0.0,0,28,10,0.0,0,0,0.0,0.0,0.0,0,0,0.0,0.0,30,30,0,30,6,2,3,6,30,50,80,9,20.264662506490403,253.59400011538497,1.0,253.59400011538497,2,1,6,0,"{'r': 18, 'cx': 10, 'barrier': 2}",6,0,0,6,13,6,1.8666666666666667,30,13.0,1.0,1.0,0.0,0.4222222222222222,0.23076923076923075,0.0,0.0,0.0,0.0,0.35714285714285715
6,2,two_local,4,0,0,0,0,24,0.0,0,24,12,12,0,12,1.0,4.0,4,0,0.0,0.0,0,54,12,0.4444444444444444,0,0,0.0,0.0,0.0,0,0,0.0,0.0,56,56,0,56,6,3,4,6,56,78,134,10,23.509775004326936,445.1383647149065,1.5,667.7075470723598,3,1,6,0,"{'r': 18, 'h': 24, 'cx': 12, 'barrier': 2}",6,0,0,6,29,6,1.7419354838709677,56,29.0,1.0,1.0,0.0,0.3548387096774194,0.17241379310344826,0.0,0.0,0.0,0.0,0.2222222222222222
6,4,su2,0,0,0,0,0,0,0.0,60,60,20,20,0,20,1.0,6.666666666666667,8,0,0.0,0.0,0,80,20,0.75,0,0,0.0,0.0,0.0,0,0,0.0,0.0,80,80,0,80,6,3,3,6,80,100,180,9,20.264662506490403,570.5865002596162,1.5,855.8797503894243,3,0,6,0,"{'ry': 30, 'rz': 30, 'cx': 20}",6,0,0,6,21,6,3.8095238095238093,80,21.0,0.3333333333333333,0.55,0.0,0.7936507936507936,0.5619047619047619,0.0,0.0,0.0,0.0,0.25
6,4,linear_entanglement,0,0,0,0,0,0,0.0,0,0,20,20,0,20,1.0,6.666666666666667,8,0,0.0,0.0,0,50,20,0.0,0,0,0.0,0.0,0.0,0,0,0.0,0.0,54,54,0,54,6,2,3,6,54,94,148,9,20.264662506490403,469.1489002134622,1.0,469.1489002134622,2,1,6,0,"{'r': 30, 'cx': 20, 'barrier': 4}",6,0,0,6,25,6,1.7241379310344827,54,25.0,1.0,1.0,0.0,0.40229885057471265,0.2,0.0,0.0,0.0,0.0,0.4
6,4,two_local,0,0,0,0,0,48,0.0,0,48,24,24,0,24,1.0,8.0,8,0,0.0,0.0,0,102,24,0.47058823529411764,0,0,0.0,0.0,0.0,0,0,0.0,0.0,106,106,0,106,6,3,4,6,106,150,256,10,23.509775004326936,850.4135922911647,1.5,1275.6203884367471,3,1,6,0,"{'r': 30, 'h': 48, 'cx': 24, 'barrier': 4}",6,0,0,6,57,6,1.6721311475409837,106,57.0,1.0,1.0,0.0,0.3442622950819672,0.15789473684210525,0.0,0.0,0.0,0.0,0.23529411764705882
6,4,su2,1,0,0,0,0,0,0.0,60,60,20,20,0,20,1.0,6.666666666666667,8,0,0.0,0.0,0,80,20,0.75,0,0,0.0,0.0,0.0,0,0,0.0,0.0,80,80,0,80,6,3,3,6,80,100,180,9,20.264662506490403,570.5865002596162,1.5,855.8797503894243,3,0,6,0,"{'ry': 30, 'rz': 30, 'cx': 20}",6,0,0,6,21,6,3.8095238095238093,80,21.0,0.3333333333333333,0.55,0.0,0.7936507936507936,0.5619047619047619,0.0,0.0,0.0,0.0,0.25
6,4,linear_entanglement,1,0,0,0,0,0,0.0,0,0,20,20,0,20,1.0,6.666666666666667,8,0,0.0,0.0,0,50,20,0.0,0,0,0.0,0.0,0.0,0,0,0.0,0.0,54,54,0,54,6,2,3,6,54,94,148,9,20.264662506490403,469.1489002134622,1.0,469.1489002134622,2,1,6,0,"{'r': 30, 'cx': 20, 'barrier': 4}",6,0,0,6,25,6,1.7241379310344827,54,25.0,1.0,1.0,0.0,0.40229885057471265,0.2,0.0,0.0,0.0,0.0,0.4
6,4,two_local,1,0,0,0,0,48,0.0,0,48,24,24,0,24,1.0,8.0,8,0,0.0,0.0,0,102,24,0.47058823529411764,0,0,0.0,0.0,0.0,0,0,0.0,0.0,106,106,0,106,6,3,4,6,106,150,256,10,23.509775004326936,850.4135922911647,1.5,1275.6203884367471,3,1,6,0,"{'r': 30, 'h': 48, 'cx': 24, 'barrier': 4}",6,0,0,6,57,6,1.6721311475409837,106,57.0,1.0,1.0,0.0,0.3442622950819672,0.15789473684210525,0.0,0.0,0.0,0.0,0.23529411764705882
6,4,su2,2,0,0,0,0,0,0.0,60,60,20,20,0,20,1.0,6.666666666666667,8,0,0.0,0.0,0,80,20,0.75,0,0,0.0,0.0,0.0,0,0,0.0,0.0,80,80,0,80,6,3,3,6,80,100,180,9,20.264662506490403,570.5865002596162,1.5,855.8797503894243,3,0,6,0,"{'ry': 30, 'rz': 30, 'cx': 20}",6,0,0,6,21,6,3.8095238095238093,80,21.0,0.3333333333333333,0.55,0.0,0.7936507936507936,0.5619047619047619,0.0,0.0,0.0,0.0,0.25
6,4,linear_entanglement,2,0,0,0,0,0,0.0,0,0,20,20,0,20,1.0,6.666666666666667,8,0,0.0,0.0,0,50,20,0.0,0,0,0.0,0.0,0.0,0,0,0.0,0.0,54,54,0,54,6,2,3,6,54,94,148,9,20.264662506490403,469.1489002134622,1.0,469.1489002134622,2,1,6,0,"{'r': 30, 'cx': 20, 'barrier': 4}",6,0,0,6,25,6,1.7241379310344827,54,25.0,1.0,1.0,0.0,0.40229885057471265,0.2,0.0,0.0,0.0,0.0,0.4
6,4,two_local,2,0,0,0,0,48,0.0,0,48,24,24,0,24,1.0,8.0,8,0,0.0,0.0,0,102,24,0.47058823529411764,0,0,0.0,0.0,0.0,0,0,0.0,0.0,106,106,0,106,6,3,4,6,106,150,256,10,23.509775004326936,850.4135922911647,1.5,1275.6203884367471,3,1,6,0,"{'r': 30, 'h': 48, 'cx': 24, 'barrier': 4}",6,0,0,6,57,6,1.6721311475409837,106,57.0,1.0,1.0,0.0,0.3442622950819672,0.15789473684210525,0.0,0.0,0.0,0.0,0.23529411764705882
6,4,su2,3,0,0,0,0,0,0.0,60,60,20,20,0,20,1.0,6.666666666666667,8,0,0.0,0.0,0,80,20,0.75,0,0,0.0,0.0,0.0,0,0,0.0,0.0,80,80,0,80,6,3,3,6,80,100,180,9,20.264662506490403,570.5865002596162,1.5,855.8797503894243,3,0,6,0,"{'ry': 30, 'rz': 30, 'cx': 20}",6,0,0,6,21,6,3.8095238095238093,80,21.0,0.3333333333333333,0.55,0.0,0.7936507936507936,0.5619047619047619,0.0,0.0,0.0,0.0,0.25
6,4,linear_entanglement,3,0,0,0,0,0,0.0,0,0,20,20,0,20,1.0,6.666666666666667,8,0,0.0,0.0,0,50,20,0.0,0,0,0.0,0.0,0.0,0,0,0.0,0.0,54,54,0,54,6,2,3,6,54,94,148,9,20.264662506490403,469.1489002134622,1.0,469.1489002134622,2,1,6,0,"{'r': 30, 'cx': 20, 'barrier': 4}",6,0,0,6,25,6,1.7241379310344827,54,25.0,1.0,1.0,0.0,0.40229885057471265,0.2,0.0,0.0,0.0,0.0,0.4
6,4,two_local,3,0,0,0,0,48,0.0,0,48,24,24,0,24,1.0,8.0,8,0,0.0,0.0,0,102,24,0.47058823529411764,0,0,0.0,0.0,0.0,0,0,0.0,0.0,106,106,0,106,6,3,4,6,106,150,256,10,23.509775004326936,850.4135922911647,1.5,1275.6203884367471,3,1,6,0,"{'r': 30, 'h': 48, 'cx': 24, 'barrier': 4}",6,0,0,6,57,6,1.6721311475409837,106,57.0,1.0,1.0,0.0,0.3442622950819672,0.15789473684210525,0.0,0.0,0.0,0.0,0.23529411764705882
6,4,su2,4,0,0,0,0,0,0.0,60,60,20,20,0,20,1.0,6.666666666666667,8,0,0.0,0.0,0,80,20,0.75,0,0,0.0,0.0,0.0,0,0,0.0,0.0,80,80,0,80,6,3,3,6,80,100,180,9,20.264662506490403,570.5865002596162,1.5,855.8797503894243,3,0,6,0,"{'ry': 30, 'rz': 30, 'cx': 20}",6,0,0,6,21,6,3.8095238095238093,80,21.0,0.3333333333333333,0.55,0.0,0.7936507936507936,0.5619047619047619,0.0,0.0,0.0,0.0,0.25
6,4,linear_entanglement,4,0,0,0,0,0,0.0,0,0,20,20,0,20,1.0,6.666666666666667,8,0,0.0,0.0,0,50,20,0.0,0,0,0.0,0.0,0.0,0,0,0.0,0.0,54,54,0,54,6,2,3,6,54,94,148,9,20.264662506490403,469.1489002134622,1.0,469.1489002134622,2,1,6,0,"{'r': 30, 'cx': 20, 'barrier': 4}",6,0,0,6,25,6,1.7241379310344827,54,25.0,1.0,1.0,0.0,0.40229885057471265,0.2,0.0,0.0,0.0,0.0,0.4
6,4,two_local,4,0,0,0,0,48,0.0,0,48,24,24,0,24,1.0,8.0,8,0,0.0,0.0,0,102,24,0.47058823529411764,0,0,0.0,0.0,0.0,0,0,0.0,0.0,106,106,0,106,6,3,4,6,106,150,256,10,23.509775004326936,850.4135922911647,1.5,1275.6203884367471,3,1,6,0,"{'r': 30, 'h': 48, 'cx': 24, 'barrier': 4}",6,0,0,6,57,6,1.6721311475409837,106,57.0,1.0,1.0,0.0,0.3442622950819672,0.15789473684210525,0.0,0.0,0.0,0.0,0.23529411764705882
6,6,su2,0,0,0,0,0,0,0.0,84,84,30,30,0,30,1.0,10.0,12,0,0.0,0.0,0,114,30,0.7368421052631579,0,0,0.0,0.0,0.0,0,0,0.0,0.0,114,114,0,114,6,3,3,6,114,144,258,9,20.264662506490403,817.8406503721166,1.5,1226.7609755581748,3,0,6,0,"{'ry': 42, 'rz': 42, 'cx': 30}",6,0,0,6,29,6,3.9310344827586206,114,29.0,0.3333333333333333,0.5,0.0,0.8275862068965517,0.5862068965517241,0.0,0.0,0.0,0.0,0.2631578947368421
6,6,linear_entanglement,0,0,0,0,0,0,0.0,0,0,30,30,0,30,1.0,10.0,12,0,0.0,0.0,0,72,30,0.0,0,0,0.0,0.0,0.0,0,0,0.0,0.0,78,78,0,78,6,2,3,6,78,138,216,9,20.264662506490403,684.7038003115395,1.0,684.7038003115395,2,1,6,0,"{'r': 42, 'cx': 30, 'barrier': 6}",6,0,0,6,37,6,1.6744186046511629,78,37.0,1.0,1.0,0.0,0.3953488372093023,0.1891891891891892,0.0,0.0,0.0,0.0,0.4166666666666667
6,6,two_local,0,0,0,0,0,72,0.0,0,72,36,36,0,36,1.0,12.0,12,0,0.0,0.0,0,150,36,0.48,0,0,0.0,0.0,0.0,0,0,0.0,0.0,156,156,0,156,6,3,4,6,156,222,378,10,23.509775004326936,1255.6888198674228,1.5,1883.5332298011342,3,1,6,0,"{'r': 42, 'h': 72, 'cx': 36, 'barrier': 6}",6,0,0,6,85,6,1.6483516483516483,156,85.0,1.0,1.0,0.0,0.34065934065934067,0.15294117647058822,0.0,0.0,0.0,0.0,0.24
6,6,su2,1,0,0,0,0,0,0.0,84,84,30,30,0,30,1.0,10.0,12,0,0.0,0.0,0,114,30,0.7368421052631579,0,0,0.0,0.0,0.0,0,0,0.0,0.0,114,114,0,114,6,3,3,6,114,144,258,9,20.264662506490403,817.8406503721166,1.5,1226.7609755581748,3,0,6,0,"{'ry': 42, 'rz': 42, 'cx': 30}",6,0,0,6,29,6,3.9310344827586206,114,29.0,0.3333333333333333,0.5,0.0,0.8275862068965517,0.5862068965517241,0.0,0.0,0.0,0.0,0.2631578947368421
6,6,linear_entanglement,1,0,0,0,0,0,0.0,0,0,30,30,0,30,1.0,10.0,12,0,0.0,0.0,0,72,30,0.0,0,0,0.0,0.0,0.0,0,0,0.0,0.0,78,78,0,78,6,2,3,6,78,138,216,9,20.264662506490403,684.7038003115395,1.0,684.7038003115395,2,1,6,0,"{'r': 42, 'cx': 30, 'barrier': 6}",6,0,0,6,37,6,1.6744186046511629,78,37.0,1.0,1.0,0.0,0.3953488372093023,0.1891891891891892,0.0,0.0,0.0,0.0,0.4166666666666667
6,6,two_local,1,0,0,0,0,72,0.0,0,72,36,36,0,36,1.0,12.0,12,0,0.0,0.0,0,150,36,0.48,0,0,0.0,0.0,0.0,0,0,0.0,0.0,156,156,0,156,6,3,4,6,156,222,378,10,23.509775004326936,1255.6888198674228,1.5,1883.5332298011342,3,1,6,0,"{'r': 42, 'h': 72, 'cx': 36, 'barrier': 6}",6,0,0,6,85,6,1.6483516483516483,156,85.0,1.0,1.0,0.0,0.34065934065934067,0.15294117647058822,0.0,0.0,0.0,0.0,0.24
6,6,su2,2,0,0,0,0,0,0.0,84,84,30,30,0,30,1.0,10.0,12,0,0.0,0.0,0,114,30,0.7368421052631579,0,0,0.0,0.0,0.0,0,0,0.0,0.0,114,114,0,114,6,3,3,6,114,144,258,9,20.264662506490403,817.8406503721166,1.5,1226.7609755581748,3,0,6,0,"{'ry': 42, 'rz': 42, 'cx': 30}",6,0,0,6,29,6,3.9310344827586206,114,29.0,0.3333333333333333,0.5,0.0,0.8275862068965517,0.5862068965517241,0.0,0.0,0.0,0.0,0.2631578947368421
6,6,linear_entanglement,2,0,0,0,0,0,0.0,0,0,30,30,0,30,1.0,10.0,12,0,0.0,0.0,0,72,30,0.0,0,0,0.0,0.0,0.0,0,0,0.0,0.0,78,78,0,78,6,2,3,6,78,138,216,9,20.264662506490403,684.7038003115395,1.0,684.7038003115395,2,1,6,0,"{'r': 42, 'cx': 30, 'barrier': 6}",6,0,0,6,37,6,1.6744186046511629,78,37.0,1.0,1.0,0.0,0.3953488372093023,0.1891891891891892,0.0,0.0,0.0,0.0,0.4166666666666667
6,6,two_local,2,0,0,0,0,72,0.0,0,72,36,36,0,36,1.0,12.0,12,0,0.0,0.0,0,150,36,0.48,0,0,0.0,0.0,0.0,0,0,0.0,0.0,156,156,0,156,6,3,4,6,156,222,378,10,23.509775004326936,1255.6888198674228,1.5,1883.5332298011342,3,1,6,0,"{'r': 42, 'h': 72, 'cx': 36, 'barrier': 6}",6,0,0,6,85,6,1.6483516483516483,156,85.0,1.0,1.0,0.0,0.34065934065934067,0.15294117647058822,0.0,0.0,0.0,0.0,0.24
6,6,su2,3,0,0,0,0,0,0.0,84,84,30,30,0,30,1.0,10.0,12,0,0.0,0.0,0,114,30,0.7368421052631579,0,0,0.0,0.0,0.0,0,0,0.0,0.0,114,114,0,114,6,3,3,6,114,144,258,9,20.264662506490403,817.8406503721166,1.5,1226.7609755581748,3,0,6,0,"{'ry': 42, 'rz': 42, 'cx': 30}",6,0,0,6,29,6,3.9310344827586206,114,29.0,0.3333333333333333,0.5,0.0,0.8275862068965517,0.5862068965517241,0.0,0.0,0.0,0.0,0.2631578947368421
6,6,linear_entanglement,3,0,0,0,0,0,0.0,0,0,30,30,0,30,1.0,10.0,12,0,0.0,0.0,0,72,30,0.0,0,0,0.0,0.0,0.0,0,0,0.0,0.0,78,78,0,78,6,2,3,6,78,138,216,9,20.264662506490403,684.7038003115395,1.0,684.7038003115395,2,1,6,0,"{'r': 42, 'cx': 30, 'barrier': 6}",6,0,0,6,37,6,1.6744186046511629,78,37.0,1.0,1.0,0.0,0.3953488372093023,0.1891891891891892,0.0,0.0,0.0,0.0,0.4166666666666667
6,6,two_local,3,0,0,0,0,72,0.0,0,72,36,36,0,36,1.0,12.0,12,0,0.0,0.0,0,150,36,0.48,0,0,0.0,0.0,0.0,0,0,0.0,0.0,156,156,0,156,6,3,4,6,156,222,378,10,23.509775004326936,1255.6888198674228,1.5,1883.5332298011342,3,1,6,0,"{'r': 42, 'h': 72, 'cx': 36, 'barrier': 6}",6,0,0,6,85,6,1.6483516483516483,156,85.0,1.0,1.0,0.0,0.34065934065934067,0.15294117647058822,0.0,0.0,0.0,0.0,0.24
6,6,su2,4,0,0,0,0,0,0.0,84,84,30,30,0,30,1.0,10.0,12,0,0.0,0.0,0,114,30,0.7368421052631579,0,0,0.0,0.0,0.0,0,0,0.0,0.0,114,114,0,114,6,3,3,6,114,144,258,9,20.264662506490403,817.8406503721166,1.5,1226.7609755581748,3,0,6,0,"{'ry': 42, 'rz': 42, 'cx': 30}",6,0,0,6,29,6,3.9310344827586206,114,29.0,0.3333333333333333,0.5,0.0,0.8275862068965517,0.5862068965517241,0.0,0.0,0.0,0.0,0.2631578947368421
6,6,linear_entanglement,4,0,0,0,0,0,0.0,0,0,30,30,0,30,1.0,10.0,12,0,0.0,0.0,0,72,30,0.0,0,0,0.0,0.0,0.0,0,0,0.0,0.0,78,78,0,78,6,2,3,6,78,138,216,9,20.264662506490403,684.7038003115395,1.0,684.7038003115395,2,1,6,0,"{'r': 42, 'cx': 30, 'barrier': 6}",6,0,0,6,37,6,1.6744186046511629,78,37.0,1.0,1.0,0.0,0.3953488372093023,0.1891891891891892,0.0,0.0,0.0,0.0,0.4166666666666667
6,6,two_local,4,0,0,0,0,72,0.0,0,72,36,36,0,36,1.0,12.0,12,0,0.0,0.0,0,150,36,0.48,0,0,0.0,0.0,0.0,0,0,0.0,0.0,156,156,0,156,6,3,4,6,156,222,378,10,23.509775004326936,1255.6888198674228,1.5,1883.5332298011342,3,1,6,0,"{'r': 42, 'h': 72, 'cx': 36, 'barrier': 6}",6,0,0,6,85,6,1.6483516483516483,156,85.0,1.0,1.0,0.0,0.34065934065934067,0.15294117647058822,0.0,0.0,0.0,0.0,0.24
8,1,su2,0,0,0,0,0,0,0.0,32,32,7,7,0,7,1.0,1.75,2,0,0.0,0.0,0,39,7,0.8205128205128205,0,0,0.0,0.0,0.0,0,0,0.0,0.0,39,39,0,39,8,3,3,8,39,46,85,11,28.75488750216347,294.0516875841703,1.5,441.0775313762554,3,0,8,0,"{'ry': 16, 'rz': 16, 'cx': 7}",8,0,0,8,11,8,3.5454545454545454,39,11.0,0.25,1.0,0.0,0.5227272727272727,0.36363636363636365,0.0,0.0,0.0,0.0,0.1794871794871795
8,1,linear_entanglement,0,0,0,0,0,0,0.0,0,0,7,7,0,7,1.0,1.75,2,0,0.0,0.0,0,23,7,0.0,0,0,0.0,0.0,0.0,0,0,0.0,0.0,24,24,0,24,8,2,3,8,24,38,62,11,28.75488750216347,214.48476035551244,1.0,214.48476035551244,2,1,8,0,"{'r': 16, 'cx': 7, 'barrier': 1}",8,0,0,8,9,8,2.3,24,9.0,1.0,1.0,0.0,0.375,0.22222222222222218,0.0,0.0,0.0,0.0,0.30434782608695654
8,1,two_local,0,0,0,0,0,16,0.0,0,16,8,8,0,8,1.0,2.0,2,0,0.0,0.0,0,40,8,0.4,0,0,0.0,0.0,0.0,0,0,0.0,0.0,41,41,0,41,8,3,4,8,41,56,97,12,32.0,347.7413625699521,1.5,521.6120438549282,3,1,8,0,"{'r': 16, 'h': 16, 'cx': 8, 'barrier': 1}",8,0,0,8,19,8,2.0,41,19.0,1.0,1.0,0.0,0.3,0.15789473684210525,0.0,0.0,0.0,0.0,0.2
8,1,su2,1,0,0,0,0,0,0.0,32,32,7,7,0,7,1.0,1.75,2,0,0.0,0.0,0,39,7,0.8205128205128205,0,0,0.0,0.0,0.0,0,0,0.0,0.0,39,39,0,39,8,3,3,8,39,46,85,11,28.75488750216347,294.0516875841703,1.5,441.0775313762554,3,0,8,0,"{'ry': 16, 'rz': 16, 'cx': 7}",8,0,0,8,11,8,3.5454545454545454,39,11.0,0.25,1.0,0.0,0.5227272727272727,0.36363636363636365,0.0,0.0,0.0,0.0,0.1794871794871795
8,1,linear_entanglement,1,0,0,0,0,0,0.0,0,0,7,7,0,7,1.0,1.75,2,0,0.0,0.0,0,23,7,0.0,0,0,0.0,0.0,0.0,0,0,0.0,0.0,24,24,0,24,8,2,3,8,24,38,62,11,28.75488750216347,214.48476035551244,1.0,214.48476035551244,2,1,8,0,"{'r': 16, 'cx': 7, 'barrier': 1}",8,0,0,8,9,8,2.3,24,9.0,1.0,1.0,0.0,0.375,0.22222222222222218,0.0,0.0,0.0,0.0,0.30434782608695654
8,1,two_local,1,0,0,0,0,16,0.0,0,16,8,8,0,8,1.0,2.0,2,0,0.0,0.0,0,40,8,0.4,0,0,0.0,0.0,0.0,0,0,0.0,0.0,41,41,0,41,8,3,4,8,41,56,97,12,32.0,347.7413625699521,1.5,521.6120438549282,3,1,8,0,"{'r': 16, 'h': 16, 'cx': 8, 'barrier': 1}",8,0,0,8,19,8,2.0,41,19.0,1.0,1.0,0.0,0.3,0.15789473684210525,0.0,0.0,0.0,0.0,0.2
8,1,su2,2,0,0,0,0,0,0.0,32,32,7,7,0,7,1.0,1.75,2,0,0.0,0.0,0,39,7,0.8205128205128205,0,0,0.0,0.0,0.0,0,0,0.0,0.0,39,39,0,39,8,3,3,8,39,46,85,11,28.75488750216347,294.0516875841703,1.5,441.0775313762554,3,0,8,0,"{'ry': 16, 'rz': 16, 'cx': 7}",8,0,0,8,11,8,3.5454545454545454,39,11.0,0.25,1.0,0.0,0.5227272727272727,0.36363636363636365,0.0,0.0,0.0,0.0,0.1794871794871795
8,1,linear_entanglement,2,0,0,0,0,0,0.0,0,0,7,7,0,7,1.0,1.75,2,0,0.0,0.0,0,23,7,0.0,0,0,0.0,0.0,0.0,0,0,0.0,0.0,24,24,0,24,8,2,3,8,24,38,62,11,28.75488750216347,214.48476035551244,1.0,214.48476035551244,2,1,8,0,"{'r': 16, 'cx': 7, 'barrier': 1}",8,0,0,8,9,8,2.3,24,9.0,1.0,1.0,0.0,0.375,0.22222222222222218,0.0,0.0,0.0,0.0,0.30434782608695654
8,1,two_local,2,0,0,0,0,16,0.0,0,16,8,8,0,8,1.0,2.0,2,0,0.0,0.0,0,40,8,0.4,0,0,0.0,0.0,0.0,0,0,0.0,0.0,41,41,0,41,8,3,4,8,41,56,97,12,32.0,347.7413625699521,1.5,521.6120438549282,3,1,8,0,"{'r': 16, 'h': 16, 'cx': 8, 'barrier': 1}",8,0,0,8,19,8,2.0,41,19.0,1.0,1.0,0.0,0.3,0.15789473684210525,0.0,0.0,0.0,0.0,0.2
8,1,su2,3,0,0,0,0,0,0.0,32,32,7,7,0,7,1.0,1.75,2,0,0.0,0.0,0,39,7,0.8205128205128205,0,0,0.0,0.0,0.0,0,0,0.0,0.0,39,39,0,39,8,3,3,8,39,46,85,11,28.75488750216347,294.0516875841703,1.5,441.0775313762554,3,0,8,0,"{'ry': 16, 'rz': 16, 'cx': 7}",8,0,0,8,11,8,3.5454545454545454,39,11.0,0.25,1.0,0.0,0.5227272727272727,0.36363636363636365,0.0,0.0,0.0,0.0,0.1794871794871795
8,1,linear_entanglement,3,0,0,0,0,0,0.0,0,0,7,7,0,7,1.0,1.75,2,0,0.0,0.0,0,23,7,0.0,0,0,0.0,0.0,0.0,0,0,0.0,0.0,24,24,0,24,8,2,3,8,24,38,62,11,28.75488750216347,214.48476035551244,1.0,214.48476035551244,2,1,8,0,"{'r': 16, 'cx': 7, 'barrier': 1}",8,0,0,8,9,8,2.3,24,9.0,1.0,1.0,0.0,0.375,0.22222222222222218,0.0,0.0,0.0,0.0,0.30434782608695654
8,1,two_local,3,0,0,0,0,16,0.0,0,16,8,8,0,8,1.0,2.0,2,0,0.0,0.0,0,40,8,0.4,0,0,0.0,0.0,0.0,0,0,0.0,0.0,41,41,0,41,8,3,4,8,41,56,97,12,32.0,347.7413625699521,1.5,521.6120438549282,3,1,8,0,"{'r': 16, 'h': 16, 'cx': 8, 'barrier': 1}",8,0,0,8,19,8,2.0,41,19.0,1.0,1.0,0.0,0.3,0.15789473684210525,0.0,0.0,0.0,0.0,0.2
8,1,su2,4,0,0,0,0,0,0.0,32,32,7,7,0,7,1.0,1.75,2,0,0.0,0.0,0,39,7,0.8205128205128205,0,0,0.0,0.0,0.0,0,0,0.0,0.0,39,39,0,39,8,3,3,8,39,46,85,11,28.75488750216347,294.0516875841703,1.5,441.0775313762554,3,0,8,0,"{'ry': 16, 'rz': 16, 'cx': 7}",8,0,0,8,11,8,3.5454545454545454,39,11.0,0.25,1.0,0.0,0.5227272727272727,0.36363636363636365,0.0,0.0,0.0,0.0,0.1794871794871795
8,1,linear_entanglement,4,0,0,0,0,0,0.0,0,0,7,7,0,7,1.0,1.75,2,0,0.0,0.0,0,23,7,0.0,0,0,0.0,0.0,0.0,0,0,0.0,0.0,24,24,0,24,8,2,3,8,24,38,62,11,28.75488750216347,214.48476035551244,1.0,214.48476035551244,2,1,8,0,"{'r': 16, 'cx': 7, 'barrier': 1}",8,0,0,8,9,8,2.3,24,9.0,1.0,1.0,0.0,0.375,0.22222222222222218,0.0,0.0,0.0,0.0,0.30434782608695654
8,1,two_local,4,0,0,0,0,16,0.0,0,16,8,8,0,8,1.0,2.0,2,0,0.0,0.0,0,40,8,0.4,0,0,0.0,0.0,0.0,0,0,0.0,0.0,41,41,0,41,8,3,4,8,41,56,97,12,32.0,347.7413625699521,1.5,521.6120438549282,3,1,8,0,"{'r': 16, 'h': 16, 'cx': 8, 'barrier': 1}",8,0,0,8,19,8,2.0,41,19.0,1.0,1.0,0.0,0.3,0.15789473684210525,0.0,0.0,0.0,0.0,0.2
8,2,su2,0,0,0,0,0,0,0.0,48,48,14,14,0,14,1.0,3.5,4,0,0.0,0.0,0,62,14,0.7741935483870968,0,0,0.0,0.0,0.0,0,0,0.0,0.0,62,62,0,62,8,3,3,8,62,76,138,11,28.75488750216347,477.401563371947,1.5,716.1023450579205,3,0,8,0,"{'ry': 24, 'rz': 24, 'cx': 14}",8,0,0,8,15,8,4.133333333333334,62,15.0,0.25,0.6428571428571429,0.0,0.6333333333333333,0.4476190476190477,0.0,0.0,0.0,0.0,0.22580645161290322
8,2,linear_entanglement,0,0,0,0,0,0,0.0,0,0,14,14,0,14,1.0,3.5,4,0,0.0,0.0,0,38,14,0.0,0,0,0.0,0.0,0.0,0,0,0.0,0.0,40,40,0,40,8,2,3,8,40,68,108,11,28.75488750216347,373.6186148128281,1.0,373.6186148128281,2,1,8,0,"{'r': 24, 'cx': 14, 'barrier': 2}",8,0,0,8,17,8,2.0,40,17.0,1.0,1.0,0.0,0.34210526315789475,0.17647058823529413,0.0,0.0,0.0,0.0,0.3684210526315789
8,2,two_local,0,0,0,0,0,32,0.0,0,32,16,16,0,16,1.0,4.0,4,0,0.0,0.0,0,72,16,0.4444444444444444,0,0,0.0,0.0,0.0,0,0,0.0,0.0,74,74,0,74,8,3,4,8,74,104,178,12,32.0,638.1233251283658,1.5,957.1849876925487,3,1,8,0,"{'r': 24, 'h': 32, 'cx': 16, 'barrier': 2}",8,0,0,8,37,8,1.8461538461538463,74,37.0,1.0,1.0,0.0,0.28205128205128205,0.13513513513513514,0.0,0.0,0.0,0.0,0.2222222222222222
8,2,su2,1,0,0,0,0,0,0.0,48,48,14,14,0,14,1.0,3.5,4,0,0.0,0.0,0,62,14,0.7741935483870968,0,0,0.0,0.0,0.0,0,0,0.0,0.0,62,62,0,62,8,3,3,8,62,76,138,11,28.75488750216347,477.401563371947,1.5,716.1023450579205,3,0,8,0,"{'ry': 24, 'rz': 24, 'cx': 14}",8,0,0,8,15,8,4.133333333333334,62,15.0,0.25,0.6428571428571429,0.0,0.6333333333333333,0.4476190476190477,0.0,0.0,0.0,0.0,0.22580645161290322
8,2,linear_entanglement,1,0,0,0,0,0,0.0,0,0,14,14,0,14,1.0,3.5,4,0,0.0,0.0,0,38,14,0.0,0,0,0.0,0.0,0.0,0,0,0.0,0.0,40,40,0,40,8,2,3,8,40,68,108,11,28.75488750216347,373.6186148128281,1.0,373.6186148128281,2,1,8,0,"{'r': 24, 'cx': 14, 'barrier': 2}",8,0,0,8,17,8,2.0,40,17.0,1.0,1.0,0.0,0.34210526315789475,0.17647058823529413,0.0,0.0,0.0,0.0,0.3684210526315789
8,2,two_local,1,0,0,0,0,32,0.0,0,32,16,16,0,16,1.0,4.0,4,0,0.0,0.0,0,72,16,0.4444444444444444,0,0,0.0,0.0,0.0,0,0,0.0,0.0,74,74,0,74,8,3,4,8,74,104,178,12,32.0,638.1233251283658,1.5,957.1849876925487,3,1,8,0,"{'r': 24, 'h': 32, 'cx': 16, 'barrier': 2}",8,0,0,8,37,8,1.8461538461538463,74,37.0,1.0,1.0,0.0,0.28205128205128205,0.13513513513513514,0.0,0.0,0.0,0.0,0.2222222222222222
8,2,su2,2,0,0,0,0,0,0.0,48,48,14,14,0,14,1.0,3.5,4,0,0.0,0.0,0,62,14,0.7741935483870968,0,0,0.0,0.0,0.0,0,0,0.0,0.0,62,62,0,62,8,3,3,8,62,76,138,11,28.75488750216347,477.401563371947,1.5,716.1023450579205,3,0,8,0,"{'ry': 24, 'rz': 24, 'cx': 14}",8,0,0,8,15,8,4.133333333333334,62,15.0,0.25,0.6428571428571429,0.0,0.6333333333333333,0.4476190476190477,0.0,0.0,0.0,0.0,0.22580645161290322
8,2,linear_entanglement,2,0,0,0,0,0,0.0,0,0,14,14,0,14,1.0,3.5,4,0,0.0,0.0,0,38,14,0.0,0,0,0.0,0.0,0.0,0,0,0.0,0.0,40,40,0,40,8,2,3,8,40,68,108,11,28.75488750216347,373.6186148128281,1.0,373.6186148128281,2,1,8,0,"{'r': 24, 'cx': 14, 'barrier': 2}",8,0,0,8,17,8,2.0,40,17.0,1.0,1.0,0.0,0.34210526315789475,0.17647058823529413,0.0,0.0,0.0,0.0,0.3684210526315789
8,2,two_local,2,0,0,0,0,32,0.0,0,32,16,16,0,16,1.0,4.0,4,0,0.0,0.0,0,72,16,0.4444444444444444,0,0,0.0,0.0,0.0,0,0,0.0,0.0,74,74,0,74,8,3,4,8,74,104,178,12,32.0,638.1233251283658,1.5,957.1849876925487,3,1,8,0,"{'r': 24, 'h': 32, 'cx': 16, 'barrier': 2}",8,0,0,8,37,8,1.8461538461538463,74,37.0,1.0,1.0,0.0,0.28205128205128205,0.13513513513513514,0.0,0.0,0.0,0.0,0.2222222222222222
8,2,su2,3,0,0,0,0,0,0.0,48,48,14,14,0,14,1.0,3.5,4,0,0.0,0.0,0,62,14,0.7741935483870968,0,0,0.0,0.0,0.0,0,0,0.0,0.0,62,62,0,62,8,3,3,8,62,76,138,11,28.75488750216347,477.401563371947,1.5,716.1023450579205,3,0,8,0,"{'ry': 24, 'rz': 24, 'cx': 14}",8,0,0,8,15,8,4.133333333333334,62,15.0,0.25,0.6428571428571429,0.0,0.6333333333333333,0.4476190476190477,0.0,0.0,0.0,0.0,0.22580645161290322
8,2,linear_entanglement,3,0,0,0,0,0,0.0,0,0,14,14,0,14,1.0,3.5,4,0,0.0,0.0,0,38,14,0.0,0,0,0.0,0.0,0.0,0,0,0.0,0.0,40,40,0,40,8,2,3,8,40,68,108,11,28.75488750216347,373.6186148128281,1.0,373.6186148128281,2,1,8,0,"{'r': 24, 'cx': 14, 'barrier': 2}",8,0,0,8,17,8,2.0,40,17.0,1.0,1.0,0.0,0.34210526315789475,0.17647058823529413,0.0,0.0,0.0,0.0,0.3684210526315789
8,2,two_local,3,0,0,0,0,32,0.0,0,32,16,16,0,16,1.0,4.0,4,0,0.0,0.0,0,72,16,0.4444444444444444,0,0,0.0,0.0,0.0,0,0,0.0,0.0,74,74,0,74,8,3,4,8,74,104,178,12,32.0,638.1233251283658,1.5,957.1849876925487,3,1,8,0,"{'r': 24, 'h': 32, 'cx': 16, 'barrier': 2}",8,0,0,8,37,8,1.8461538461538463,74,37.0,1.0,1.0,0.0,0.28205128205128205,0.13513513513513514,0.0,0.0,0.0,0.0,0.2222222222222222
8,2,su2,4,0,0,0,0,0,0.0,48,48,14,14,0,14,1.0,3.5,4,0,0.0,0.0,0,62,14,0.7741935483870968,0,0,0.0,0.0,0.0,0,0,0.0,0.0,62,62,0,62,8,3,3,8,62,76,138,11,28.75488750216347,477.401563371947,1.5,716.1023450579205,3,0,8,0,"{'ry': 24, 'rz': 24, 'cx': 14}",8,0,0,8,15,8,4.133333333333334,62,15.0,0.25,0.6428571428571429,0.0,0.6333333333333333,0.4476190476190477,0.0,0.0,0.0,0.0,0.22580645161290322
8,2,linear_entanglement,4,0,0,0,0,0,0.0,0,0,14,14,0,14,1.0,3.5,4,0,0.0,0.0,0,38,14,0.0,0,0,0.0,0.0,0.0,0,0,0.0,0.0,40,40,0,40,8,2,3,8,40,68,108,11,28.75488750216347,373.6186148128281,1.0,373.6186148128281,2,1,8,0,"{'r': 24, 'cx': 14, 'barrier': 2}",8,0,0,8,17,8,2.0,40,17.0,1.0,1.0,0.0,0.34210526315789475,0.17647058823529413,0.0,0.0,0.0,0.0,0.3684210526315789
8,2,two_local,4,0,0,0,0,32,0.0,0,32,16,16,0,16,1.0,4.0,4,0,0.0,0.0,0,72,16,0.4444444444444444,0,0,0.0,0.0,0.0,0,0,0.0,0.0,74,74,0,74,8,3,4,8,74,104,178,12,32.0,638.1233251283658,1.5,957.1849876925487,3,1,8,0,"{'r': 24, 'h': 32, 'cx': 16, 'barrier': 2}",8,0,0,8,37,8,1.8461538461538463,74,37.0,1.0,1.0,0.0,0.28205128205128205,0.13513513513513514,0.0,0.0,0.0,0.0,0.2222222222222222
8,4,su2,0,0,0,0,0,0,0.0,80,80,28,28,0,28,1.0,7.0,8,0,0.0,0.0,0,108,28,0.7407407407407407,0,0,0.0,0.0,0.0,0,0,0.0,0.0,108,108,0,108,8,3,3,8,108,136,244,11,28.75488750216347,844.1013149475006,1.5,1266.1519724212508,3,0,8,0,"{'ry': 40, 'rz': 40, 'cx': 28}",8,0,0,8,23,8,4.695652173913044,108,23.0,0.25,0.4642857142857143,0.0,0.7391304347826086,0.5279503105590063,0.0,0.0,0.0,0.0,0.25925925925925924
8,4,linear_entanglement,0,0,0,0,0,0,0.0,0,0,28,28,0,28,1.0,7.0,8,0,0.0,0.0,0,68,28,0.0,0,0,0.0,0.0,0.0,0,0,0.0,0.0,72,72,0,72,8,2,3,8,72,128,200,11,28.75488750216347,691.8863237274595,1.0,691.8863237274595,2,1,8,0,"{'r': 40, 'cx': 28, 'barrier': 4}",8,0,0,8,33,8,1.837837837837838,72,33.0,1.0,1.0,0.0,0.32432432432432434,0.15151515151515152,0.0,0.0,0.0,0.0,0.4117647058823529
8,4,two_local,0,0,0,0,0,64,0.0,0,64,32,32,0,32,1.0,8.0,8,0,0.0,0.0,0,136,32,0.47058823529411764,0,0,0.0,0.0,0.0,0,0,0.0,0.0,140,140,0,140,8,3,4,8,140,200,340,12,32.0,1218.8872502451932,1.5,1828.3308753677898,3,1,8,0,"{'r': 40, 'h': 64, 'cx': 32, 'barrier': 4}",8,0,0,8,73,8,1.7662337662337662,140,73.0,1.0,1.0,0.0,0.2727272727272727,0.12328767123287669,0.0,0.0,0.0,0.0,0.23529411764705882
8,4,su2,1,0,0,0,0,0,0.0,80,80,28,28,0,28,1.0,7.0,8,0,0.0,0.0,0,108,28,0.7407407407407407,0,0,0.0,0.0,0.0,0,0,0.0,0.0,108,108,0,108,8,3,3,8,108,136,244,11,28.75488750216347,844.1013149475006,1.5,1266.1519724212508,3,0,8,0,"{'ry': 40, 'rz': 40, 'cx': 28}",8,0,0,8,23,8,4.695652173913044,108,23.0,0.25,0.4642857142857143,0.0,0.7391304347826086,0.5279503105590063,0.0,0.0,0.0,0.0,0.25925925925925924
8,4,linear_entanglement,1,0,0,0,0,0,0.0,0,0,28,28,0,28,1.0,7.0,8,0,0.0,0.0,0,68,28,0.0,0,0,0.0,0.0,0.0,0,0,0.0,0.0,72,72,0,72,8,2,3,8,72,128,200,11,28.75488750216347,691.8863237274595,1.0,691.8863237274595,2,1,8,0,"{'r': 40, 'cx': 28, 'barrier': 4}",8,0,0,8,33,8,1.837837837837838,72,33.0,1.0,1.0,0.0,0.32432432432432434,0.15151515151515152,0.0,0.0,0.0,0.0,0.4117647058823529
8,4,two_local,1,0,0,0,0,64,0.0,0,64,32,32,0,32,1.0,8.0,8,0,0.0,0.0,0,136,32,0.47058823529411764,0,0,0.0,0.0,0.0,0,0,0.0,0.0,140,140,0,140,8,3,4,8,140,200,340,12,32.0,1218.8872502451932,1.5,1828.3308753677898,3,1,8,0,"{'r': 40, 'h': 64, 'cx': 32, 'barrier': 4}",8,0,0,8,73,8,1.7662337662337662,140,73.0,1.0,1.0,0.0,0.2727272727272727,0.12328767123287669,0.0,0.0,0.0,0.0,0.23529411764705882
8,4,su2,2,0,0,0,0,0,0.0,80,80,28,28,0,28,1.0,7.0,8,0,0.0,0.0,0,108,28,0.7407407407407407,0,0,0.0,0.0,0.0,0,0,0.0,0.0,108,108,0,108,8,3,3,8,108,136,244,11,28.75488750216347,844.1013149475006,1.5,1266.1519724212508,3,0,8,0,"{'ry': 40, 'rz': 40, 'cx': 28}",8,0,0,8,23,8,4.695652173913044,108,23.0,0.25,0.4642857142857143,0.0,0.7391304347826086,0.5279503105590063,0.0,0.0,0.0,0.0,0.25925925925925924
8,4,linear_entanglement,2,0,0,0,0,0,0.0,0,0,28,28,0,28,1.0,7.0,8,0,0.0,0.0,0,68,28,0.0,0,0,0.0,0.0,0.0,0,0,0.0,0.0,72,72,0,72,8,2,3,8,72,128,200,11,28.75488750216347,691.8863237274595,1.0,691.8863237274595,2,1,8,0,"{'r': 40, 'cx': 28, 'barrier': 4}",8,0,0,8,33,8,1.837837837837838,72,33.0,1.0,1.0,0.0,0.32432432432432434,0.15151515151515152,0.0,0.0,0.0,0.0,0.4117647058823529
8,4,two_local,2,0,0,0,0,64,0.0,0,64,32,32,0,32,1.0,8.0,8,0,0.0,0.0,0,136,32,0.47058823529411764,0,0,0.0,0.0,0.0,0,0,0.0,0.0,140,140,0,140,8,3,4,8,140,200,340,12,32.0,1218.8872502451932,1.5,1828.3308753677898,3,1,8,0,"{'r': 40, 'h': 64, 'cx': 32, 'barrier': 4}",8,0,0,8,73,8,1.7662337662337662,140,73.0,1.0,1.0,0.0,0.2727272727272727,0.12328767123287669,0.0,0.0,0.0,0.0,0.23529411764705882
8,4,su2,3,0,0,0,0,0,0.0,80,80,28,28,0,28,1.0,7.0,8,0,0.0,0.0,0,108,28,0.7407407407407407,0,0,0.0,0.0,0.0,0,0,0.0,0.0,108,108,0,108,8,3,3,8,108,136,244,11,28.75488750216347,844.1013149475006,1.5,1266.1519724212508,3,0,8,0,"{'ry': 40, 'rz': 40, 'cx': 28}",8,0,0,8,23,8,4.695652173913044,108,23.0,0.25,0.4642857142857143,0.0,0.7391304347826086,0.5279503105590063,0.0,0.0,0.0,0.0,0.25925925925925924
8,4,linear_entanglement,3,0,0,0,0,0,0.0,0,0,28,28,0,28,1.0,7.0,8,0,0.0,0.0,0,68,28,0.0,0,0,0.0,0.0,0.0,0,0,0.0,0.0,72,72,0,72,8,2,3,8,72,128,200,11,28.75488750216347,691.8863237274595,1.0,691.8863237274595,2,1,8,0,"{'r': 40, 'cx': 28, 'barrier': 4}",8,0,0,8,33,8,1.837837837837838,72,33.0,1.0,1.0,0.0,0.32432432432432434,0.15151515151515152,0.0,0.0,0.0,0.0,0.4117647058823529
8,4,two_local,3,0,0,0,0,64,0.0,0,64,32,32,0,32,1.0,8.0,8,0,0.0,0.0,0,136,32,0.47058823529411764,0,0,0.0,0.0,0.0,0,0,0.0,0.0,140,140,0,140,8,3,4,8,140,200,340,12,32.0,1218.8872502451932,1.5,1828.3308753677898,3,1,8,0,"{'r': 40, 'h': 64, 'cx': 32, 'barrier': 4}",8,0,0,8,73,8,1.7662337662337662,140,73.0,1.0,1.0,0.0,0.2727272727272727,0.12328767123287669,0.0,0.0,0.0,0.0,0.23529411764705882
8,4,su2,4,0,0,0,0,0,0.0,80,80,28,28,0,28,1.0,7.0,8,0,0.0,0.0,0,108,28,0.7407407407407407,0,0,0.0,0.0,0.0,0,0,0.0,0.0,108,108,0,108,8,3,3,8,108,136,244,11,28.75488750216347,844.1013149475006,1.5,1266.1519724212508,3,0,8,0,"{'ry': 40, 'rz': 40, 'cx': 28}",8,0,0,8,23,8,4.695652173913044,108,23.0,0.25,0.4642857142857143,0.0,0.7391304347826086,0.5279503105590063,0.0,0.0,0.0,0.0,0.25925925925925924
8,4,linear_entanglement,4,0,0,0,0,0,0.0,0,0,28,28,0,28,1.0,7.0,8,0,0.0,0.0,0,68,28,0.0,0,0,0.0,0.0,0.0,0,0,0.0,0.0,72,72,0,72,8,2,3,8,72,128,200,11,28.75488750216347,691.8863237274595,1.0,691.8863237274595,2,1,8,0,"{'r': 40, 'cx': 28, 'barrier': 4}",8,0,0,8,33,8,1.837837837837838,72,33.0,1.0,1.0,0.0,0.32432432432432434,0.15151515151515152,0.0,0.0,0.0,0.0,0.4117647058823529
8,4,two_local,4,0,0,0,0,64,0.0,0,64,32,32,0,32,1.0,8.0,8,0,0.0,0.0,0,136,32,0.47058823529411764,0,0,0.0,0.0,0.0,0,0,0.0,0.0,140,140,0,140,8,3,4,8,140,200,340,12,32.0,1218.8872502451932,1.5,1828.3308753677898,3,1,8,0,"{'r': 40, 'h': 64, 'cx': 32, 'barrier': 4}",8,0,0,8,73,8,1.7662337662337662,140,73.0,1.0,1.0,0.0,0.2727272727272727,0.12328767123287669,0.0,0.0,0.0,0.0,0.23529411764705882
8,6,su2,0,0,0,0,0,0,0.0,112,112,42,42,0,42,1.0,10.5,12,0,0.0,0.0,0,154,42,0.7272727272727273,0,0,0.0,0.0,0.0,0,0,0.0,0.0,154,154,0,154,8,3,3,8,154,196,350,11,28.75488750216347,1210.801066523054,1.5,1816.201599784581,3,0,8,0,"{'ry': 56, 'rz': 56, 'cx': 42}",8,0,0,8,31,8,4.967741935483871,154,31.0,0.25,0.40476190476190477,0.0,0.7903225806451613,0.5668202764976958,0.0,0.0,0.0,0.0,0.2727272727272727
8,6,linear_entanglement,0,0,0,0,0,0,0.0,0,0,42,42,0,42,1.0,10.5,12,0,0.0,0.0,0,98,42,0.0,0,0,0.0,0.0,0.0,0,0,0.0,0.0,104,104,0,104,8,2,3,8,104,188,292,11,28.75488750216347,1010.1540326420908,1.0,1010.1540326420908,2,1,8,0,"{'r': 56, 'cx': 42, 'barrier': 6}",8,0,0,8,49,8,1.7818181818181817,104,49.0,1.0,1.0,0.0,0.3181818181818182,0.14285714285714285,0.0,0.0,0.0,0.0,0.42857142857142855
8,6,two_local,0,0,0,0,0,96,0.0,0,96,48,48,0,48,1.0,12.0,12,0,0.0,0.0,0,200,48,0.48,0,0,0.0,0.0,0.0,0,0,0.0,0.0,206,206,0,206,8,3,4,8,206,296,502,12,32.0,1799.6511753620202,1.5,2699.4767630430306,3,1,8,0,"{'r': 56, 'h': 96, 'cx': 48, 'barrier': 6}",8,0,0,8,109,8,1.7391304347826086,206,109.0,1.0,1.0,0.0,0.26956521739130435,0.11926605504587158,0.0,0.0,0.0,0.0,0.24
8,6,su2,1,0,0,0,0,0,0.0,112,112,42,42,0,42,1.0,10.5,12,0,0.0,0.0,0,154,42,0.7272727272727273,0,0,0.0,0.0,0.0,0,0,0.0,0.0,154,154,0,154,8,3,3,8,154,196,350,11,28.75488750216347,1210.801066523054,1.5,1816.201599784581,3,0,8,0,"{'ry': 56, 'rz': 56, 'cx': 42}",8,0,0,8,31,8,4.967741935483871,154,31.0,0.25,0.40476190476190477,0.0,0.7903225806451613,0.5668202764976958,0.0,0.0,0.0,0.0,0.2727272727272727
8,6,linear_entanglement,1,0,0,0,0,0,0.0,0,0,42,42,0,42,1.0,10.5,12,0,0.0,0.0,0,98,42,0.0,0,0,0.0,0.0,0.0,0,0,0.0,0.0,104,104,0,104,8,2,3,8,104,188,292,11,28.75488750216347,1010.1540326420908,1.0,1010.1540326420908,2,1,8,0,"{'r': 56, 'cx': 42, 'barrier': 6}",8,0,0,8,49,8,1.7818181818181817,104,49.0,1.0,1.0,0.0,0.3181818181818182,0.14285714285714285,0.0,0.0,0.0,0.0,0.42857142857142855
8,6,two_local,1,0,0,0,0,96,0.0,0,96,48,48,0,48,1.0,12.0,12,0,0.0,0.0,0,200,48,0.48,0,0,0.0,0.0,0.0,0,0,0.0,0.0,206,206,0,206,8,3,4,8,206,296,502,12,32.0,1799.6511753620202,1.5,2699.4767630430306,3,1,8,0,"{'r': 56, 'h': 96, 'cx': 48, 'barrier': 6}",8,0,0,8,109,8,1.7391304347826086,206,109.0,1.0,1.0,0.0,0.26956521739130435,0.11926605504587158,0.0,0.0,0.0,0.0,0.24
8,6,su2,2,0,0,0,0,0,0.0,112,112,42,42,0,42,1.0,10.5,12,0,0.0,0.0,0,154,42,0.7272727272727273,0,0,0.0,0.0,0.0,0,0,0.0,0.0,154,154,0,154,8,3,3,8,154,196,350,11,28.75488750216347,1210.801066523054,1.5,1816.201599784581,3,0,8,0,"{'ry': 56, 'rz': 56, 'cx': 42}",8,0,0,8,31,8,4.967741935483871,154,31.0,0.25,0.40476190476190477,0.0,0.7903225806451613,0.5668202764976958,0.0,0.0,0.0,0.0,0.2727272727272727
8,6,linear_entanglement,2,0,0,0,0,0,0.0,0,0,42,42,0,42,1.0,10.5,12,0,0.0,0.0,0,98,42,0.0,0,0,0.0,0.0,0.0,0,0,0.0,0.0,104,104,0,104,8,2,3,8,104,188,292,11,28.75488750216347,1010.1540326420908,1.0,1010.1540326420908,2,1,8,0,"{'r': 56, 'cx': 42, 'barrier': 6}",8,0,0,8,49,8,1.7818181818181817,104,49.0,1.0,1.0,0.0,0.3181818181818182,0.14285714285714285,0.0,0.0,0.0,0.0,0.42857142857142855
8,6,two_local,2,0,0,0,0,96,0.0,0,96,48,48,0,48,1.0,12.0,12,0,0.0,0.0,0,200,48,0.48,0,0,0.0,0.0,0.0,0,0,0.0,0.0,206,206,0,206,8,3,4,8,206,296,502,12,32.0,1799.6511753620202,1.5,2699.4767630430306,3,1,8,0,"{'r': 56, 'h': 96, 'cx': 48, 'barrier': 6}",8,0,0,8,109,8,1.7391304347826086,206,109.0,1.0,1.0,0.0,0.26956521739130435,0.11926605504587158,0.0,0.0,0.0,0.0,0.24
8,6,su2,3,0,0,0,0,0,0.0,112,112,42,42,0,42,1.0,10.5,12,0,0.0,0.0,0,154,42,0.7272727272727273,0,0,0.0,0.0,0.0,0,0,0.0,0.0,154,154,0,154,8,3,3,8,154,196,350,11,28.75488750216347,1210.801066523054,1.5,1816.201599784581,3,0,8,0,"{'ry': 56, 'rz': 56, 'cx': 42}",8,0,0,8,31,8,4.967741935483871,154,31.0,0.25,0.40476190476190477,0.0,0.7903225806451613,0.5668202764976958,0.0,0.0,0.0,0.0,0.2727272727272727
8,6,linear_entanglement,3,0,0,0,0,0,0.0,0,0,42,42,0,42,1.0,10.5,12,0,0.0,0.0,0,98,42,0.0,0,0,0.0,0.0,0.0,0,0,0.0,0.0,104,104,0,104,8,2,3,8,104,188,292,11,28.75488750216347,1010.1540326420908,1.0,1010.1540326420908,2,1,8,0,"{'r': 56, 'cx': 42, 'barrier': 6}",8,0,0,8,49,8,1.7818181818181817,104,49.0,1.0,1.0,0.0,0.3181818181818182,0.14285714285714285,0.0,0.0,0.0,0.0,0.42857142857142855
8,6,two_local,3,0,0,0,0,96,0.0,0,96,48,48,0,48,1.0,12.0,12,0,0.0,0.0,0,200,48,0.48,0,0,0.0,0.0,0.0,0,0,0.0,0.0,206,206,0,206,8,3,4,8,206,296,502,12,32.0,1799.6511753620202,1.5,2699.4767630430306,3,1,8,0,"{'r': 56, 'h': 96, 'cx': 48, 'barrier': 6}",8,0,0,8,109,8,1.7391304347826086,206,109.0,1.0,1.0,0.0,0.26956521739130435,0.11926605504587158,0.0,0.0,0.0,0.0,0.24
8,6,su2,4,0,0,0,0,0,0.0,112,112,42,42,0,42,1.0,10.5,12,0,0.0,0.0,0,154,42,0.7272727272727273,0,0,0.0,0.0,0.0,0,0,0.0,0.0,154,154,0,154,8,3,3,8,154,196,350,11,28.75488750216347,1210.801066523054,1.5,1816.201599784581,3,0,8,0,"{'ry': 56, 'rz': 56, 'cx': 42}",8,0,0,8,31,8,4.967741935483871,154,31.0,0.25,0.40476190476190477,0.0,0.7903225806451613,0.5668202764976958,0.0,0.0,0.0,0.0,0.2727272727272727
8,6,linear_entanglement,4,0,0,0,0,0,0.0,0,0,42,42,0,42,1.0,10.5,12,0,0.0,0.0,0,98,42,0.0,0,0,0.0,0.0,0.0,0,0,0.0,0.0,104,104,0,104,8,2,3,8,104,188,292,11,28.75488750216347,1010.1540326420908,1.0,1010.1540326420908,2,1,8,0,"{'r': 56, 'cx': 42, 'barrier': 6}",8,0,0,8,49,8,1.7818181818181817,104,49.0,1.0,1.0,0.0,0.3181818181818182,0.14285714285714285,0.0,0.0,0.0,0.0,0.42857142857142855
8,6,two_local,4,0,0,0,0,96,0.0,0,96,48,48,0,48,1.0,12.0,12,0,0.0,0.0,0,200,48,0.48,0,0,0.0,0.0,0.0,0,0,0.0,0.0,206,206,0,206,8,3,4,8,206,296,502,12,32.0,1799.6511753620202,1.5,2699.4767630430306,3,1,8,0,"{'r': 56, 'h': 96, 'cx': 48, 'barrier': 6}",8,0,0,8,109,8,1.7391304347826086,206,109.0,1.0,1.0,0.0,0.26956521739130435,0.11926605504587158,0.0,0.0,0.0,0.0,0.24
10,1,su2,0,0,0,0,0,0,0.0,40,40,9,9,0,9,1.0,1.8,2,0,0.0,0.0,0,49,9,0.8163265306122449,0,0,0.0,0.0,0.0,0,0,0.0,0.0,49,49,0,49,10,3,3,10,49,58,107,13,37.974168451037094,395.9470498410969,1.5,593.9205747616453,3,0,10,0,"{'ry': 20, 'rz': 20, 'cx': 9}",10,0,0,10,13,10,3.769230769230769,49,13.0,0.2,1.0,0.0,0.4461538461538462,0.3076923076923077,0.0,0.0,0.0,0.0,0.1836734693877551
10,1,linear_entanglement,0,0,0,0,0,0,0.0,0,0,9,9,0,9,1.0,1.8,2,0,0.0,0.0,0,29,9,0.0,0,0,0.0,0.0,0.0,0,0,0.0,0.0,30,30,0,30,10,2,3,10,30,48,78,13,37.974168451037094,288.6342980150052,1.0,288.6342980150052,2,1,10,0,"{'r': 20, 'cx': 9, 'barrier': 1}",10,0,0,10,11,10,2.4166666666666665,30,11.0,1.0,1.0,0.0,0.31666666666666665,0.1818181818181818,0.0,0.0,0.0,0.0,0.3103448275862069
10,1,two_local,0,0,0,0,0,20,0.0,0,20,10,10,0,10,1.0,2.0,2,0,0.0,0.0,0,50,10,0.4,0,0,0.0,0.0,0.0,0,0,0.0,0.0,51,51,0,51,10,3,4,10,51,70,121,14,41.219280948873624,460.68994556897013,1.5,691.0349183534552,3,1,10,0,"{'r': 20, 'h': 20, 'cx': 10, 'barrier': 1}",10,0,0,10,23,10,2.0833333333333335,51,23.0,1.0,1.0,0.0,0.25,0.13043478260869565,0.0,0.0,0.0,0.0,0.2
10,1,su2,1,0,0,0,0,0,0.0,40,40,9,9,0,9,1.0,1.8,2,0,0.0,0.0,0,49,9,0.8163265306122449,0,0,0.0,0.0,0.0,0,0,0.0,0.0,49,49,0,49,10,3,3,10,49,58,107,13,37.974168451037094,395.9470498410969,1.5,593.9205747616453,3,0,10,0,"{'ry': 20, 'rz': 20, 'cx': 9}",10,0,0,10,13,10,3.769230769230769,49,13.0,0.2,1.0,0.0,0.4461538461538462,0.3076923076923077,0.0,0.0,0.0,0.0,0.1836734693877551
10,1,linear_entanglement,1,0,0,0,0,0,0.0,0,0,9,9,0,9,1.0,1.8,2,0,0.0,0.0,0,29,9,0.0,0,0,0.0,0.0,0.0,0,0,0.0,0.0,30,30,0,30,10,2,3,10,30,48,78,13,37.974168451037094,288.6342980150052,1.0,288.6342980150052,2,1,10,0,"{'r': 20, 'cx': 9, 'barrier': 1}",10,0,0,10,11,10,2.4166666666666665,30,11.0,1.0,1.0,0.0,0.31666666666666665,0.1818181818181818,0.0,0.0,0.0,0.0,0.3103448275862069
10,1,two_local,1,0,0,0,0,20,0.0,0,20,10,10,0,10,1.0,2.0,2,0,0.0,0.0,0,50,10,0.4,0,0,0.0,0.0,0.0,0,0,0.0,0.0,51,51,0,51,10,3,4,10,51,70,121,14,41.219280948873624,460.68994556897013,1.5,691.0349183534552,3,1,10,0,"{'r': 20, 'h': 20, 'cx': 10, 'barrier': 1}",10,0,0,10,23,10,2.0833333333333335,51,23.0,1.0,1.0,0.0,0.25,0.13043478260869565,0.0,0.0,0.0,0.0,0.2
10,1,su2,2,0,0,0,0,0,0.0,40,40,9,9,0,9,1.0,1.8,2,0,0.0,0.0,0,49,9,0.8163265306122449,0,0,0.0,0.0,0.0,0,0,0.0,0.0,49,49,0,49,10,3,3,10,49,58,107,13,37.974168451037094,395.9470498410969,1.5,593.9205747616453,3,0,10,0,"{'ry': 20, 'rz': 20, 'cx': 9}",10,0,0,10,13,10,3.769230769230769,49,13.0,0.2,1.0,0.0,0.4461538461538462,0.3076923076923077,0.0,0.0,0.0,0.0,0.1836734693877551
10,1,linear_entanglement,2,0,0,0,0,0,0.0,0,0,9,9,0,9,1.0,1.8,2,0,0.0,0.0,0,29,9,0.0,0,0,0.0,0.0,0.0,0,0,0.0,0.0,30,30,0,30,10,2,3,10,30,48,78,13,37.974168451037094,288.6342980150052,1.0,288.6342980150052,2,1,10,0,"{'r': 20, 'cx': 9, 'barrier': 1}",10,0,0,10,11,10,2.4166666666666665,30,11.0,1.0,1.0,0.0,0.31666666666666665,0.1818181818181818,0.0,0.0,0.0,0.0,0.3103448275862069
10,1,two_local,2,0,0,0,0,20,0.0,0,20,10,10,0,10,1.0,2.0,2,0,0.0,0.0,0,50,10,0.4,0,0,0.0,0.0,0.0,0,0,0.0,0.0,51,51,0,51,10,3,4,10,51,70,121,14,41.219280948873624,460.68994556897013,1.5,691.0349183534552,3,1,10,0,"{'r': 20, 'h': 20, 'cx': 10, 'barrier': 1}",10,0,0,10,23,10,2.0833333333333335,51,23.0,1.0,1.0,0.0,0.25,0.13043478260869565,0.0,0.0,0.0,0.0,0.2
10,1,su2,3,0,0,0,0,0,0.0,40,40,9,9,0,9,1.0,1.8,2,0,0.0,0.0,0,49,9,0.8163265306122449,0,0,0.0,0.0,0.0,0,0,0.0,0.0,49,49,0,49,10,3,3,10,49,58,107,13,37.974168451037094,395.9470498410969,1.5,593.9205747616453,3,0,10,0,"{'ry': 20, 'rz': 20, 'cx': 9}",10,0,0,10,13,10,3.769230769230769,49,13.0,0.2,1.0,0.0,0.4461538461538462,0.3076923076923077,0.0,0.0,0.0,0.0,0.1836734693877551
10,1,linear_entanglement,3,0,0,0,0,0,0.0,0,0,9,9,0,9,1.0,1.8,2,0,0.0,0.0,0,29,9,0.0,0,0,0.0,0.0,0.0,0,0,0.0,0.0,30,30,0,30,10,2,3,10,30,48,78,13,37.974168451037094,288.6342980150052,1.0,288.6342980150052,2,1,10,0,"{'r': 20, 'cx': 9, 'barrier': 1}",10,0,0,10,11,10,2.4166666666666665,30,11.0,1.0,1.0,0.0,0.31666666666666665,0.1818181818181818,0.0,0.0,0.0,0.0,0.3103448275862069
10,1,two_local,3,0,0,0,0,20,0.0,0,20,10,10,0,10,1.0,2.0,2,0,0.0,0.0,0,50,10,0.4,0,0,0.0,0.0,0.0,0,0,0.0,0.0,51,51,0,51,10,3,4,10,51,70,121,14,41.219280948873624,460.68994556897013,1.5,691.0349183534552,3,1,10,0,"{'r': 20, 'h': 20, 'cx': 10, 'barrier': 1}",10,0,0,10,23,10,2.0833333333333335,51,23.0,1.0,1.0,0.0,0.25,0.13043478260869565,0.0,0.0,0.0,0.0,0.2
10,1,su2,4,0,0,0,0,0,0.0,40,40,9,9,0,9,1.0,1.8,2,0,0.0,0.0,0,49,9,0.8163265306122449,0,0,0.0,0.0,0.0,0,0,0.0,0.0,49,49,0,49,10,3,3,10,49,58,107,13,37.974168451037094,395.9470498410969,1.5,593.9205747616453,3,0,10,0,"{'ry': 20, 'rz': 20, 'cx': 9}",10,0,0,10,13,10,3.769230769230769,49,13.0,0.2,1.0,0.0,0.4461538461538462,0.3076923076923077,0.0,0.0,0.0,0.0,0.1836734693877551
10,1,linear_entanglement,4,0,0,0,0,0,0.0,0,0,9,9,0,9,1.0,1.8,2,0,0.0,0.0,0,29,9,0.0,0,0,0.0,0.0,0.0,0,0,0.0,0.0,30,30,0,30,10,2,3,10,30,48,78,13,37.974168451037094,288.6342980150052,1.0,288.6342980150052,2,1,10,0,"{'r': 20, 'cx': 9, 'barrier': 1}",10,0,0,10,11,10,2.4166666666666665,30,11.0,1.0,1.0,0.0,0.31666666666666665,0.1818181818181818,0.0,0.0,0.0,0.0,0.3103448275862069
10,1,two_local,4,0,0,0,0,20,0.0,0,20,10,10,0,10,1.0,2.0,2,0,0.0,0.0,0,50,10,0.4,0,0,0.0,0.0,0.0,0,0,0.0,0.0,51,51,0,51,10,3,4,10,51,70,121,14,41.219280948873624,460.68994556897013,1.5,691.0349183534552,3,1,10,0,"{'r': 20, 'h': 20, 'cx': 10, 'barrier': 1}",10,0,0,10,23,10,2.0833333333333335,51,23.0,1.0,1.0,0.0,0.25,0.13043478260869565,0.0,0.0,0.0,0.0,0.2
10,2,su2,0,0,0,0,0,0,0.0,60,60,18,18,0,18,1.0,3.6,4,0,0.0,0.0,0,78,18,0.7692307692307693,0,0,0.0,0.0,0.0,0,0,0.0,0.0,78,78,0,78,10,3,3,10,78,96,174,13,37.974168451037094,643.8765109565501,1.5,965.8147664348251,3,0,10,0,"{'ry': 30, 'rz': 30, 'cx': 18}",10,0,0,10,17,10,4.588235294117647,78,17.0,0.2,0.6111111111111112,0.0,0.5647058823529412,0.3986928104575163,0.0,0.0,0.0,0.0,0.23076923076923078
10,2,linear_entanglement,0,0,0,0,0,0,0.0,0,0,18,18,0,18,1.0,3.6,4,0,0.0,0.0,0,48,18,0.0,0,0,0.0,0.0,0.0,0,0,0.0,0.0,50,50,0,50,10,2,3,10,50,86,136,13,37.974168451037094,503.2598016671885,1.0,503.2598016671885,2,1,10,0,"{'r': 30, 'cx': 18, 'barrier': 2}",10,0,0,10,21,10,2.0869565217391304,50,21.0,1.0,1.0,0.0,0.28695652173913044,0.14285714285714285,0.0,0.0,0.0,0.0,0.375
10,2,two_local,0,0,0,0,0,40,0.0,0,40,20,20,0,20,1.0,4.0,4,0,0.0,0.0,0,90,20,0.4444444444444444,0,0,0.0,0.0,0.0,0,0,0.0,0.0,92,92,0,92,10,3,4,10,92,130,222,14,41.219280948873624,845.2327926967881,1.5,1267.8491890451821,3,1,10,0,"{'r': 30, 'h': 40, 'cx': 20, 'barrier': 2}",10,0,0,10,45,10,1.9148936170212767,92,45.0,1.0,1.0,0.0,0.23404255319148937,0.1111111111111111,0.0,0.0,0.0,0.0,0.2222222222222222
10,2,su2,1,0,0,0,0,0,0.0,60,60,18,18,0,18,1.0,3.6,4,0,0.0,0.0,0,78,18,0.7692307692307693,0,0,0.0,0.0,0.0,0,0,0.0,0.0,78,78,0,78,10,3,3,10,78,96,174,13,37.974168451037094,643.8765109565501,1.5,965.8147664348251,3,0,10,0,"{'ry': 30, 'rz': 30, 'cx': 18}",10,0,0,10,17,10,4.588235294117647,78,17.0,0.2,0.6111111111111112,0.0,0.5647058823529412,0.3986928104575163,0.0,0.0,0.0,0.0,0.23076923076923078
10,2,linear_entanglement,1,0,0,0,0,0,0.0,0,0,18,18,0,18,1.0,3.6,4,0,0.0,0.0,0,48,18,0.0,0,0,0.0,0.0,0.0,0,0,0.0,0.0,50,50,0,50,10,2,3,10,50,86,136,13,37.974168451037094,503.2598016671885,1.0,503.2598016671885,2,1,10,0,"{'r': 30, 'cx': 18, 'barrier': 2}",10,0,0,10,21,10,2.0869565217391304,50,21.0,1.0,1.0,0.0,0.28695652173913044,0.14285714285714285,0.0,0.0,0.0,0.0,0.375
10,2,two_local,1,0,0,0,0,40,0.0,0,40,20,20,0,20,1.0,4.0,4,0,0.0,0.0,0,90,20,0.4444444444444444,0,0,0.0,0.0,0.0,0,0,0.0,0.0,92,92,0,92,10,3,4,10,92,130,222,14,41.219280948873624,845.2327926967881,1.5,1267.8491890451821,3,1,10,0,"{'r': 30, 'h': 40, 'cx': 20, 'barrier': 2}",10,0,0,10,45,10,1.9148936170212767,92,45.0,1.0,1.0,0.0,0.23404255319148937,0.1111111111111111,0.0,0.0,0.0,0.0,0.2222222222222222
10,2,su2,2,0,0,0,0,0,0.0,60,60,18,18,0,18,1.0,3.6,4,0,0.0,0.0,0,78,18,0.7692307692307693,0,0,0.0,0.0,0.0,0,0,0.0,0.0,78,78,0,78,10,3,3,10,78,96,174,13,37.974168451037094,643.8765109565501,1.5,965.8147664348251,3,0,10,0,"{'ry': 30, 'rz': 30, 'cx': 18}",10,0,0,10,17,10,4.588235294117647,78,17.0,0.2,0.6111111111111112,0.0,0.5647058823529412,0.3986928104575163,0.0,0.0,0.0,0.0,0.23076923076923078
10,2,linear_entanglement,2,0,0,0,0,0,0.0,0,0,18,18,0,18,1.0,3.6,4,0,0.0,0.0,0,48,18,0.0,0,0,0.0,0.0,0.0,0,0,0.0,0.0,50,50,0,50,10,2,3,10,50,86,136,13,37.974168451037094,503.2598016671885,1.0,503.2598016671885,2,1,10,0,"{'r': 30, 'cx': 18, 'barrier': 2}",10,0,0,10,21,10,2.0869565217391304,50,21.0,1.0,1.0,0.0,0.28695652173913044,0.14285714285714285,0.0,0.0,0.0,0.0,0.375
10,2,two_local,2,0,0,0,0,40,0.0,0,40,20,20,0,20,1.0,4.0,4,0,0.0,0.0,0,90,20,0.4444444444444444,0,0,0.0,0.0,0.0,0,0,0.0,0.0,92,92,0,92,10,3,4,10,92,130,222,14,41.219280948873624,845.2327926967881,1.5,1267.8491890451821,3,1,10,0,"{'r': 30, 'h': 40, 'cx': 20, 'barrier': 2}",10,0,0,10,45,10,1.9148936170212767,92,45.0,1.0,1.0,0.0,0.23404255319148937,0.1111111111111111,0.0,0.0,0.0,0.0,0.2222222222222222
10,2,su2,3,0,0,0,0,0,0.0,60,60,18,18,0,18,1.0,3.6,4,0,0.0,0.0,0,78,18,0.7692307692307693,0,0,0.0,0.0,0.0,0,0,0.0,0.0,78,78,0,78,10,3,3,10,78,96,174,13,37.974168451037094,643.8765109565501,1.5,965.8147664348251,3,0,10,0,"{'ry': 30, 'rz': 30, 'cx': 18}",10,0,0,10,17,10,4.588235294117647,78,17.0,0.2,0.6111111111111112,0.0,0.5647058823529412,0.3986928104575163,0.0,0.0,0.0,0.0,0.23076923076923078
10,2,linear_entanglement,3,0,0,0,0,0,0.0,0,0,18,18,0,18,1.0,3.6,4,0,0.0,0.0,0,48,18,0.0,0,0,0.0,0.0,0.0,0,0,0.0,0.0,50,50,0,50,10,2,3,10,50,86,136,13,37.974168451037094,503.2598016671885,1.0,503.2598016671885,2,1,10,0,"{'r': 30, 'cx': 18, 'barrier': 2}",10,0,0,10,21,10,2.0869565217391304,50,21.0,1.0,1.0,0.0,0.28695652173913044,0.14285714285714285,0.0,0.0,0.0,0.0,0.375
10,2,two_local,3,0,0,0,0,40,0.0,0,40,20,20,0,20,1.0,4.0,4,0,0.0,0.0,0,90,20,0.4444444444444444,0,0,0.0,0.0,0.0,0,0,0.0,0.0,92,92,0,92,10,3,4,10,92,130,222,14,41.219280948873624,845.2327926967881,1.5,1267.8491890451821,3,1,10,0,"{'r': 30, 'h': 40, 'cx': 20, 'barrier': 2}",10,0,0,10,45,10,1.9148936170212767,92,45.0,1.0,1.0,0.0,0.23404255319148937,0.1111111111111111,0.0,0.0,0.0,0.0,0.2222222222222222
10,2,su2,4,0,0,0,0,0,0.0,60,60,18,18,0,18,1.0,3.6,4,0,0.0,0.0,0,78,18,0.7692307692307693,0,0,0.0,0.0,0.0,0,0,0.0,0.0,78,78,0,78,10,3,3,10,78,96,174,13,37.974168451037094,643.8765109565501,1.5,965.8147664348251,3,0,10,0,"{'ry': 30, 'rz': 30, 'cx': 18}",10,0,0,10,17,10,4.588235294117647,78,17.0,0.2,0.6111111111111112,0.0,0.5647058823529412,0.3986928104575163,0.0,0.0,0.0,0.0,0.23076923076923078
10,2,linear_entanglement,4,0,0,0,0,0,0.0,0,0,18,18,0,18,1.0,3.6,4,0,0.0,0.0,0,48,18,0.0,0,0,0.0,0.0,0.0,0,0,0.0,0.0,50,50,0,50,10,2,3,10,50,86,136,13,37.974168451037094,503.2598016671885,1.0,503.2598016671885,2,1,10,0,"{'r': 30, 'cx': 18, 'barrier': 2}",10,0,0,10,21,10,2.0869565217391304,50,21.0,1.0,1.0,0.0,0.28695652173913044,0.14285714285714285,0.0,0.0,0.0,0.0,0.375
10,2,two_local,4,0,0,0,0,40,0.0,0,40,20,20,0,20,1.0,4.0,4,0,0.0,0.0,0,90,20,0.4444444444444444,0,0,0.0,0.0,0.0,0,0,0.0,0.0,92,92,0,92,10,3,4,10,92,130,222,14,41.219280948873624,845.2327926967881,1.5,1267.8491890451821,3,1,10,0,"{'r': 30, 'h': 40, 'cx': 20, 'barrier': 2}",10,0,0,10,45,10,1.9148936170212767,92,45.0,1.0,1.0,0.0,0.23404255319148937,0.1111111111111111,0.0,0.0,0.0,0.0,0.2222222222222222
10,4,su2,0,0,0,0,0,0,0.0,100,100,36,36,0,36,1.0,7.2,8,0,0.0,0.0,0,136,36,0.7352941176470589,0,0,0.0,0.0,0.0,0,0,0.0,0.0,136,136,0,136,10,3,3,10,136,172,308,13,37.974168451037094,1139.7354331874565,1.5,1709.6031497811846,3,0,10,0,"{'ry': 50, 'rz': 50, 'cx': 36}",10,0,0,10,25,10,5.44,136,25.0,0.2,0.4166666666666667,0.0,0.688,0.4933333333333334,0.0,0.0,0.0,0.0,0.2647058823529412
10,4,linear_entanglement,0,0,0,0,0,0,0.0,0,0,36,36,0,36,1.0,7.2,8,0,0.0,0.0,0,86,36,0.0,0,0,0.0,0.0,0.0,0,0,0.0,0.0,90,90,0,90,10,2,3,10,90,162,252,13,37.974168451037094,932.5108089715552,1.0,932.5108089715552,2,1,10,0,"{'r': 50, 'cx': 36, 'barrier': 4}",10,0,0,10,41,10,1.9111111111111112,90,41.0,1.0,1.0,0.0,0.27111111111111114,0.12195121951219513,0.0,0.0,0.0,0.0,0.4186046511627907
10,4,two_local,0,0,0,0,0,80,0.0,0,80,40,40,0,40,1.0,8.0,8,0,0.0,0.0,0,170,40,0.47058823529411764,0,0,0.0,0.0,0.0,0,0,0.0,0.0,174,174,0,174,10,3,4,10,174,250,424,14,41.219280948873624,1614.318486952424,1.5,2421.4777304286363,3,1,10,0,"{'r': 50, 'h': 80, 'cx': 40, 'barrier': 4}",10,0,0,10,89,10,1.8279569892473118,174,89.0,1.0,1.0,0.0,0.22580645161290322,0.10112359550561797,0.0,0.0,0.0,0.0,0.23529411764705882
10,4,su2,1,0,0,0,0,0,0.0,100,100,36,36,0,36,1.0,7.2,8,0,0.0,0.0,0,136,36,0.7352941176470589,0,0,0.0,0.0,0.0,0,0,0.0,0.0,136,136,0,136,10,3,3,10,136,172,308,13,37.974168451037094,1139.7354331874565,1.5,1709.6031497811846,3,0,10,0,"{'ry': 50, 'rz': 50, 'cx': 36}",10,0,0,10,25,10,5.44,136,25.0,0.2,0.4166666666666667,0.0,0.688,0.4933333333333334,0.0,0.0,0.0,0.0,0.2647058823529412
10,4,linear_entanglement,1,0,0,0,0,0,0.0,0,0,36,36,0,36,1.0,7.2,8,0,0.0,0.0,0,86,36,0.0,0,0,0.0,0.0,0.0,0,0,0.0,0.0,90,90,0,90,10,2,3,10,90,162,252,13,37.974168451037094,932.5108089715552,1.0,932.5108089715552,2,1,10,0,"{'r': 50, 'cx': 36, 'barrier': 4}",10,0,0,10,41,10,1.9111111111111112,90,41.0,1.0,1.0,0.0,0.27111111111111114,0.12195121951219513,0.0,0.0,0.0,0.0,0.4186046511627907
10,4,two_local,1,0,0,0,0,80,0.0,0,80,40,40,0,40,1.0,8.0,8,0,0.0,0.0,0,170,40,0.47058823529411764,0,0,0.0,0.0,0.0,0,0,0.0,0.0,174,174,0,174,10,3,4,10,174,250,424,14,41.219280948873624,1614.318486952424,1.5,2421.4777304286363,3,1,10,0,"{'r': 50, 'h': 80, 'cx': 40, 'barrier': 4}",10,0,0,10,89,10,1.8279569892473118,174,89.0,1.0,1.0,0.0,0.22580645161290322,0.10112359550561797,0.0,0.0,0.0,0.0,0.23529411764705882
10,4,su2,2,0,0,0,0,0,0.0,100,100,36,36,0,36,1.0,7.2,8,0,0.0,0.0,0,136,36,0.7352941176470589,0,0,0.0,0.0,0.0,0,0,0.0,0.0,136,136,0,136,10,3,3,10,136,172,308,13,37.974168451037094,1139.7354331874565,1.5,1709.6031497811846,3,0,10,0,"{'ry': 50, 'rz': 50, 'cx': 36}",10,0,0,10,25,10,5.44,136,25.0,0.2,0.4166666666666667,0.0,0.688,0.4933333333333334,0.0,0.0,0.0,0.0,0.2647058823529412
10,4,linear_entanglement,2,0,0,0,0,0,0.0,0,0,36,36,0,36,1.0,7.2,8,0,0.0,0.0,0,86,36,0.0,0,0,0.0,0.0,0.0,0,0,0.0,0.0,90,90,0,90,10,2,3,10,90,162,252,13,37.974168451037094,932.5108089715552,1.0,932.5108089715552,2,1,10,0,"{'r': 50, 'cx': 36, 'barrier': 4}",10,0,0,10,41,10,1.9111111111111112,90,41.0,1.0,1.0,0.0,0.27111111111111114,0.12195121951219513,0.0,0.0,0.0,0.0,0.4186046511627907
10,4,two_local,2,0,0,0,0,80,0.0,0,80,40,40,0,40,1.0,8.0,8,0,0.0,0.0,0,170,40,0.47058823529411764,0,0,0.0,0.0,0.0,0,0,0.0,0.0,174,174,0,174,10,3,4,10,174,250,424,14,41.219280948873624,1614.318486952424,1.5,2421.4777304286363,3,1,10,0,"{'r': 50, 'h': 80, 'cx': 40, 'barrier': 4}",10,0,0,10,89,10,1.8279569892473118,174,89.0,1.0,1.0,0.0,0.22580645161290322,0.10112359550561797,0.0,0.0,0.0,0.0,0.23529411764705882
10,4,su2,3,0,0,0,0,0,0.0,100,100,36,36,0,36,1.0,7.2,8,0,0.0,0.0,0,136,36,0.7352941176470589,0,0,0.0,0.0,0.0,0,0,0.0,0.0,136,136,0,136,10,3,3,10,136,172,308,13,37.974168451037094,1139.7354331874565,1.5,1709.6031497811846,3,0,10,0,"{'ry': 50, 'rz': 50, 'cx': 36}",10,0,0,10,25,10,5.44,136,25.0,0.2,0.4166666666666667,0.0,0.688,0.4933333333333334,0.0,0.0,0.0,0.0,0.2647058823529412
10,4,linear_entanglement,3,0,0,0,0,0,0.0,0,0,36,36,0,36,1.0,7.2,8,0,0.0,0.0,0,86,36,0.0,0,0,0.0,0.0,0.0,0,0,0.0,0.0,90,90,0,90,10,2,3,10,90,162,252,13,37.974168451037094,932.5108089715552,1.0,932.5108089715552,2,1,10,0,"{'r': 50, 'cx': 36, 'barrier': 4}",10,0,0,10,41,10,1.9111111111111112,90,41.0,1.0,1.0,0.0,0.27111111111111114,0.12195121951219513,0.0,0.0,0.0,0.0,0.4186046511627907
10,4,two_local,3,0,0,0,0,80,0.0,0,80,40,40,0,40,1.0,8.0,8,0,0.0,0.0,0,170,40,0.47058823529411764,0,0,0.0,0.0,0.0,0,0,0.0,0.0,174,174,0,174,10,3,4,10,174,250,424,14,41.219280948873624,1614.318486952424,1.5,2421.4777304286363,3,1,10,0,"{'r': 50, 'h': 80, 'cx': 40, 'barrier': 4}",10,0,0,10,89,10,1.8279569892473118,174,89.0,1.0,1.0,0.0,0.22580645161290322,0.10112359550561797,0.0,0.0,0.0,0.0,0.23529411764705882
10,4,su2,4,0,0,0,0,0,0.0,100,100,36,36,0,36,1.0,7.2,8,0,0.0,0.0,0,136,36,0.7352941176470589,0,0,0.0,0.0,0.0,0,0,0.0,0.0,136,136,0,136,10,3,3,10,136,172,308,13,37.974168451037094,1139.7354331874565,1.5,1709.6031497811846,3,0,10,0,"{'ry': 50, 'rz': 50, 'cx': 36}",10,0,0,10,25,10,5.44,136,25.0,0.2,0.4166666666666667,0.0,0.688,0.4933333333333334,0.0,0.0,0.0,0.0,0.2647058823529412
10,4,linear_entanglement,4,0,0,0,0,0,0.0,0,0,36,36,0,36,1.0,7.2,8,0,0.0,0.0,0,86,36,0.0,0,0,0.0,0.0,0.0,0,0,0.0,0.0,90,90,0,90,10,2,3,10,90,162,252,13,37.974168451037094,932.5108089715552,1.0,932.5108089715552,2,1,10,0,"{'r': 50, 'cx': 36, 'barrier': 4}",10,0,0,10,41,10,1.9111111111111112,90,41.0,1.0,1.0,0.0,0.27111111111111114,0.12195121951219513,0.0,0.0,0.0,0.0,0.4186046511627907
10,4,two_local,4,0,0,0,0,80,0.0,0,80,40,40,0,40,1.0,8.0,8,0,0.0,0.0,0,170,40,0.47058823529411764,0,0,0.0,0.0,0.0,0,0,0.0,0.0,174,174,0,174,10,3,4,10,174,250,424,14,41.219280948873624,1614.318486952424,1.5,2421.4777304286363,3,1,10,0,"{'r': 50, 'h': 80, 'cx': 40, 'barrier': 4}",10,0,0,10,89,10,1.8279569892473118,174,89.0,1.0,1.0,0.0,0.22580645161290322,0.10112359550561797,0.0,0.0,0.0,0.0,0.23529411764705882
10,6,su2,0,0,0,0,0,0,0.0,140,140,54,54,0,54,1.0,10.8,12,0,0.0,0.0,0,194,54,0.7216494845360825,0,0,0.0,0.0,0.0,0,0,0.0,0.0,194,194,0,194,10,3,3,10,194,248,442,13,37.974168451037094,1635.5943554183627,1.5,2453.391533127544,3,0,10,0,"{'ry': 70, 'rz': 70, 'cx': 54}",10,0,0,10,33,10,5.878787878787879,194,33.0,0.2,0.35185185185185186,0.0,0.7515151515151515,0.5420875420875421,0.0,0.0,0.0,0.0,0.27835051546391754
10,6,linear_entanglement,0,0,0,0,0,0,0.0,0,0,54,54,0,54,1.0,10.8,12,0,0.0,0.0,0,124,54,0.0,0,0,0.0,0.0,0.0,0,0,0.0,0.0,130,130,0,130,10,2,3,10,130,238,368,13,37.974168451037094,1361.761816275922,1.0,1361.761816275922,2,1,10,0,"{'r': 70, 'cx': 54, 'barrier': 6}",10,0,0,10,61,10,1.8507462686567164,130,61.0,1.0,1.0,0.0,0.2656716417910448,0.11475409836065574,0.0,0.0,0.0,0.0,0.43548387096774194
10,6,two_local,0,0,0,0,0,120,0.0,0,120,60,60,0,60,1.0,12.0,12,0,0.0,0.0,0,250,60,0.48,0,0,0.0,0.0,0.0,0,0,0.0,0.0,256,256,0,256,10,3,4,10,256,370,626,14,41.219280948873624,2383.4041812080604,1.5,3575.1062718120907,3,1,10,0,"{'r': 70, 'h': 120, 'cx': 60, 'barrier': 6}",10,0,0,10,133,10,1.7985611510791366,256,133.0,1.0,1.0,0.0,0.22302158273381295,0.09774436090225563,0.0,0.0,0.0,0.0,0.24
10,6,su2,1,0,0,0,0,0,0.0,140,140,54,54,0,54,1.0,10.8,12,0,0.0,0.0,0,194,54,0.7216494845360825,0,0,0.0,0.0,0.0,0,0,0.0,0.0,194,194,0,194,10,3,3,10,194,248,442,13,37.974168451037094,1635.5943554183627,1.5,2453.391533127544,3,0,10,0,"{'ry': 70, 'rz': 70, 'cx': 54}",10,0,0,10,33,10,5.878787878787879,194,33.0,0.2,0.35185185185185186,0.0,0.7515151515151515,0.5420875420875421,0.0,0.0,0.0,0.0,0.27835051546391754
10,6,linear_entanglement,1,0,0,0,0,0,0.0,0,0,54,54,0,54,1.0,10.8,12,0,0.0,0.0,0,124,54,0.0,0,0,0.0,0.0,0.0,0,0,0.0,0.0,130,130,0,130,10,2,3,10,130,238,368,13,37.974168451037094,1361.761816275922,1.0,1361.761816275922,2,1,10,0,"{'r': 70, 'cx': 54, 'barrier': 6}",10,0,0,10,61,10,1.8507462686567164,130,61.0,1.0,1.0,0.0,0.2656716417910448,0.11475409836065574,0.0,0.0,0.0,0.0,0.43548387096774194
10,6,two_local,1,0,0,0,0,120,0.0,0,120,60,60,0,60,1.0,12.0,12,0,0.0,0.0,0,250,60,0.48,0,0,0.0,0.0,0.0,0,0,0.0,0.0,256,256,0,256,10,3,4,10,256,370,626,14,41.219280948873624,2383.4041812080604,1.5,3575.1062718120907,3,1,10,0,"{'r': 70, 'h': 120, 'cx': 60, 'barrier': 6}",10,0,0,10,133,10,1.7985611510791366,256,133.0,1.0,1.0,0.0,0.22302158273381295,0.09774436090225563,0.0,0.0,0.0,0.0,0.24
10,6,su2,2,0,0,0,0,0,0.0,140,140,54,54,0,54,1.0,10.8,12,0,0.0,0.0,0,194,54,0.7216494845360825,0,0,0.0,0.0,0.0,0,0,0.0,0.0,194,194,0,194,10,3,3,10,194,248,442,13,37.974168451037094,1635.5943554183627,1.5,2453.391533127544,3,0,10,0,"{'ry': 70, 'rz': 70, 'cx': 54}",10,0,0,10,33,10,5.878787878787879,194,33.0,0.2,0.35185185185185186,0.0,0.7515151515151515,0.5420875420875421,0.0,0.0,0.0,0.0,0.27835051546391754
10,6,linear_entanglement,2,0,0,0,0,0,0.0,0,0,54,54,0,54,1.0,10.8,12,0,0.0,0.0,0,124,54,0.0,0,0,0.0,0.0,0.0,0,0,0.0,0.0,130,130,0,130,10,2,3,10,130,238,368,13,37.974168451037094,1361.761816275922,1.0,1361.761816275922,2,1,10,0,"{'r': 70, 'cx': 54, 'barrier': 6}",10,0,0,10,61,10,1.8507462686567164,130,61.0,1.0,1.0,0.0,0.2656716417910448,0.11475409836065574,0.0,0.0,0.0,0.0,0.43548387096774194
10,6,two_local,2,0,0,0,0,120,0.0,0,120,60,60,0,60,1.0,12.0,12,0,0.0,0.0,0,250,60,0.48,0,0,0.0,0.0,0.0,0,0,0.0,0.0,256,256,0,256,10,3,4,10,256,370,626,14,41.219280948873624,2383.4041812080604,1.5,3575.1062718120907,3,1,10,0,"{'r': 70, 'h': 120, 'cx': 60, 'barrier': 6}",10,0,0,10,133,10,1.7985611510791366,256,133.0,1.0,1.0,0.0,0.22302158273381295,0.09774436090225563,0.0,0.0,0.0,0.0,0.24
10,6,su2,3,0,0,0,0,0,0.0,140,140,54,54,0,54,1.0,10.8,12,0,0.0,0.0,0,194,54,0.7216494845360825,0,0,0.0,0.0,0.0,0,0,0.0,0.0,194,194,0,194,10,3,3,10,194,248,442,13,37.974168451037094,1635.5943554183627,1.5,2453.391533127544,3,0,10,0,"{'ry': 70, 'rz': 70, 'cx': 54}",10,0,0,10,33,10,5.878787878787879,194,33.0,0.2,0.35185185185185186,0.0,0.7515151515151515,0.5420875420875421,0.0,0.0,0.0,0.0,0.27835051546391754
10,6,linear_entanglement,3,0,0,0,0,0,0.0,0,0,54,54,0,54,1.0,10.8,12,0,0.0,0.0,0,124,54,0.0,0,0,0.0,0.0,0.0,0,0,0.0,0.0,130,130,0,130,10,2,3,10,130,238,368,13,37.974168451037094,1361.761816275922,1.0,1361.761816275922,2,1,10,0,"{'r': 70, 'cx': 54, 'barrier': 6}",10,0,0,10,61,10,1.8507462686567164,130,61.0,1.0,1.0,0.0,0.2656716417910448,0.11475409836065574,0.0,0.0,0.0,0.0,0.43548387096774194
10,6,two_local,3,0,0,0,0,120,0.0,0,120,60,60,0,60,1.0,12.0,12,0,0.0,0.0,0,250,60,0.48,0,0,0.0,0.0,0.0,0,0,0.0,0.0,256,256,0,256,10,3,4,10,256,370,626,14,41.219280948873624,2383.4041812080604,1.5,3575.1062718120907,3,1,10,0,"{'r': 70, 'h': 120, 'cx': 60, 'barrier': 6}",10,0,0,10,133,10,1.7985611510791366,256,133.0,1.0,1.0,0.0,0.22302158273381295,0.09774436090225563,0.0,0.0,0.0,0.0,0.24
10,6,su2,4,0,0,0,0,0,0.0,140,140,54,54,0,54,1.0,10.8,12,0,0.0,0.0,0,194,54,0.7216494845360825,0,0,0.0,0.0,0.0,0,0,0.0,0.0,194,194,0,194,10,3,3,10,194,248,442,13,37.974168451037094,1635.5943554183627,1.5,2453.391533127544,3,0,10,0,"{'ry': 70, 'rz': 70, 'cx': 54}",10,0,0,10,33,10,5.878787878787879,194,33.0,0.2,0.35185185185185186,0.0,0.7515151515151515,0.5420875420875421,0.0,0.0,0.0,0.0,0.27835051546391754
10,6,linear_entanglement,4,0,0,0,0,0,0.0,0,0,54,54,0,54,1.0,10.8,12,0,0.0,0.0,0,124,54,0.0,0,0,0.0,0.0,0.0,0,0,0.0,0.0,130,130,0,130,10,2,3,10,130,238,368,13,37.974168451037094,1361.761816275922,1.0,1361.761816275922,2,1,10,0,"{'r': 70, 'cx': 54, 'barrier': 6}",10,0,0,10,61,10,1.8507462686567164,130,61.0,1.0,1.0,0.0,0.2656716417910448,0.11475409836065574,0.0,0.0,0.0,0.0,0.43548387096774194
10,6,two_local,4,0,0,0,0,120,0.0,0,120,60,60,0,60,1.0,12.0,12,0,0.0,0.0,0,250,60,0.48,0,0,0.0,0.0,0.0,0,0,0.0,0.0,256,256,0,256,10,3,4,10,256,370,626,14,41.219280948873624,2383.4041812080604,1.5,3575.1062718120907,3,1,10,0,"{'r': 70, 'h': 120, 'cx': 60, 'barrier': 6}",10,0,0,10,133,10,1.7985611510791366,256,133.0,1.0,1.0,0.0,0.22302158273381295,0.09774436090225563,0.0,0.0,0.0,0.0,0.24
